{
	"format_version": "1.12.0",
	"minecraft:geometry": [
		{
			"description": {
				"identifier": "geometry.BridleRackREMASTER",
				"texture_width": 16,
				"texture_height": 16,
				"visible_bounds_width": 2,
				"visible_bounds_height": 2.5,
				"visible_bounds_offset": [0, 0.75, 0]
			},
			"bones": [
				{
					"name": "halter",
					"pivot": [0, 0, 0],
					"cubes": [
						{"origin": [-2.5, 13.5, 4.75], "size": [5, 0, 1], "uv": [0, 0]},
						{"origin": [-2.5, 5.5, 4.75], "size": [0, 8, 1], "uv": [2, 5]},
						{"origin": [-0.5, 5.5, 7.75], "size": [1, 4, 0], "uv": [4, 8]},
						{"origin": [2.5, 5.5, 4.75], "size": [0, 8, 1], "uv": [0, 5]},
						{
							"origin": [2.5, 4.5, 3.75],
							"size": [0, 1, 4],
							"uv": {
								"north": {"uv": [4, 5], "uv_size": [0, 1]},
								"east": {"uv": [4, 5], "uv_size": [4, 1]},
								"south": {"uv": [8, 5], "uv_size": [0, 1]},
								"west": {"uv": [0, 5], "uv_size": [4, 1]},
								"up": {"uv": [4, 1], "uv_size": [0, 4]},
								"down": {"uv": [4, 5], "uv_size": [0, -4]}
							}
						},
						{"origin": [2.5, 9.5, 5.75], "size": [0, 1, 2], "uv": [4, 5]},
						{"origin": [-2.5, 4.5, 3.75], "size": [5, 1, 0], "uv": [0, 3]},
						{"origin": [-2.5, 4.5, 7.75], "size": [5, 1, 0], "uv": [0, 2]},
						{"origin": [-2.5, 9.5, 7.75], "size": [5, 1, 0], "uv": [0, 1]},
						{
							"origin": [-2.5, 4.5, 3.75],
							"size": [0, 1, 4],
							"uv": {
								"north": {"uv": [4, 4], "uv_size": [0, 1]},
								"east": {"uv": [4, 4], "uv_size": [4, 1]},
								"south": {"uv": [8, 4], "uv_size": [0, 1]},
								"west": {"uv": [0, 4], "uv_size": [4, 1]},
								"up": {"uv": [4, 0], "uv_size": [0, 4]},
								"down": {"uv": [4, 4], "uv_size": [0, -4]}
							}
						},
						{"origin": [-2.5, 9.5, 5.75], "size": [0, 1, 2], "uv": [4, 4]}
					]
				}
			]
		}
	]
}