{
   "cost": {
      "amount": 5,
      "coin": "iron"
   },
   "display": {
      "credits": "Lisssa",
      "inspiration": "IRL Bridles",
      "name": "Black Silver Bridle"
   },
   "meta": {
      "data": {
         "can_wear_armor": false,
         "model_type": "adventure"
      },
      "icon": "bridle/black_silver_bridle_icon.png",
      "name": "black_silver_bridle",
      "textures": {
         "horse": {
            "legacy": {
               "bridle": "bridle/black_silver_bridle_bit_legacy.png",
               "halter": "bridle/black_silver_bridle_legacy.png"
            }
         },
         "rack": {
            "bridle": "bridle/rack_bridle_black_silver_bridle.png"
         }
      },
      "type": "bridle"
   }
}