{
   "cost": {
      "amount": 5,
      "coin": "iron"
   },
   "display": {
      "credits": "Lisssa",
      "inspiration": "IRL Bridles",
      "name": "Brown Rose Bridle"
   },
   "meta": {
      "data": {
         "can_wear_armor": false,
         "model_type": "adventure"
      },
      "icon": "bridle/brown_rose_bridle_icon.png",
      "name": "brown_rose_bridle",
      "textures": {
         "horse": {
            "legacy": {
               "bridle": "bridle/brown_rose_bridle_bit_legacy.png",
               "halter": "bridle/brown_rose_bridle_legacy.png"
            }
         },
         "rack": {
            "bridle": "bridle/rack_bridle_brown_rose_bridle.png"
         }
      },
      "type": "bridle"
   }
}