{
	"format_version": "1.12.0",
	"minecraft:geometry": [
		{
			"description": {
				"identifier": "geometry.RidingHelmet",
				"texture_width": 128,
				"texture_height": 128,
				"visible_bounds_width": 3,
				"visible_bounds_height": 3.5,
				"visible_bounds_offset": [0, 1.25, 0]
			},
			"bones": [
				{
					"name": "Head",
					"pivot": [0, 9, -1.5],
					"rotation": [87.5, 0, 0]
				},
				{
					"name": "CowboyHat",
					"parent": "Head",
					"pivot": [0, -5, -1.5]
				},
				{
					"name": "CHCrown",
					"parent": "CowboyHat",
					"pivot": [7.5, 0, -9.5],
					"cubes": [
						{"origin": [-4.5, 0, -6], "size": [9, 5, 9], "uv": [2, 18]},
						{"origin": [-6.5, 0, -10.5], "size": [13, 0, 18], "inflate": 0.01, "uv": [-18, 0]},
						{"origin": [3.53553, -4.15685, -8.5], "size": [3, 0, 14], "inflate": 0.01, "pivot": [0, 1.5, -1.5], "rotation": [0, 0, -45], "uv": [18, 0]},
						{"origin": [-6.53553, -4.15685, -8.5], "size": [3, 0, 14], "inflate": 0.01, "pivot": [0, 1.5, -1.5], "rotation": [0, 0, 45], "uv": [12, 0]}
					]
				},
				{
					"name": "CHBand",
					"parent": "CowboyHat",
					"pivot": [7.5, 0, -9.5],
					"cubes": [
						{"origin": [-5, 0, -6.5], "size": [10, 6, 10], "uv": [0, 32]}
					]
				}
			]
		}
	]
}