{
	"format_version": "1.12.0",
	"minecraft:geometry": [
		{
			"description": {
				"identifier": "geometry.tackbox",
				"texture_width": 64,
				"texture_height": 64,
				"visible_bounds_width": 2,
				"visible_bounds_height": 2.5,
				"visible_bounds_offset": [0, 0.75, 0]
			},
			"bones": [
				{
					"name": "single",
					"pivot": [-8, 8, 8]
				},
				{
					"name": "Box",
					"parent": "single",
					"pivot": [-9, 8, 9],
					"cubes": [
						{
							"origin": [-7, 0, -7],
							"size": [14, 8, 14],
							"uv": {
								"north": {"uv": [0, 28], "uv_size": [14, 8]},
								"east": {"uv": [28, 0], "uv_size": [14, 8]},
								"south": {"uv": [28, 8], "uv_size": [14, 8]},
								"west": {"uv": [14, 28], "uv_size": [14, 8]},
								"up": {"uv": [0, 0], "uv_size": [14, 14]},
								"down": {"uv": [0, 28], "uv_size": [14, -14]}
							}
						}
					]
				},
				{
					"name": "Lid",
					"parent": "single",
					"pivot": [-8, 8, 8],
					"cubes": [
						{
							"origin": [-7, 8, -7],
							"size": [14, 3, 14],
							"uv": {
								"north": {"uv": [28, 16], "uv_size": [14, 3]},
								"east": {"uv": [28, 19], "uv_size": [14, 3]},
								"south": {"uv": [28, 22], "uv_size": [14, 3]},
								"west": {"uv": [28, 25], "uv_size": [14, 3]},
								"up": {"uv": [14, 0], "uv_size": [14, 14]},
								"down": {"uv": [14, 28], "uv_size": [14, -14]}
							}
						}
					]
				}
			]
		}
	]
}