{
	"format_version": "1.12.0",
	"minecraft:geometry": [
		{
			"description": {
				"identifier": "geometry.unknown",
				"texture_width": 64,
				"texture_height": 64,
				"visible_bounds_width": 3,
				"visible_bounds_height": 2.5,
				"visible_bounds_offset": [0, 0.75, 0]
			},
			"bones": [
				{
					"name": "bone5",
					"pivot": [1, -14.75, 0],
					"cubes": [
						{"origin": [-5, 8.5, -4], "size": [10, 2, 7], "uv": [0, 0]}
					]
				},
				{
					"name": "bone",
					"parent": "bone5",
					"pivot": [1, 10.5, 1.0625],
					"rotation": [-45, 0, 0],
					"cubes": [
						{"origin": [-4, 10.9375, 2.375], "size": [8, 2, 1], "uv": [23, 9]}
					]
				},
				{
					"name": "bone15",
					"parent": "bone",
					"pivot": [1, 11.49556, 2.66789],
					"rotation": [22.5, 0, 0],
					"cubes": [
						{"origin": [-3, 12.55714, 2.87298], "size": [6, 1, 1], "uv": [0, 20]}
					]
				},
				{
					"name": "bone14",
					"parent": "bone5",
					"pivot": [1, 5.5, -1],
					"rotation": [-45, 0, 0],
					"cubes": [
						{"origin": [-2, 5.9375, -6.6875], "size": [4, 2, 1], "uv": [23, 12]},
						{"origin": [-1, 6.9375, -7.6875], "size": [2, 1, 1], "uv": [0, 9]}
					]
				},
				{
					"name": "bone12",
					"parent": "bone5",
					"pivot": [7.47487, 7.31802, -3],
					"cubes": [
						{"origin": [6.82843, 3.67157, -5], "size": [1, 4, 7], "uv": [9, 16]},
						{"origin": [6.82843, 2.67157, -4], "size": [1, 1, 5], "uv": [20, 23]}
					]
				},
				{
					"name": "bone18",
					"parent": "bone12",
					"pivot": [0.5, 6.10907, -4.5],
					"rotation": [0, -45, 0],
					"cubes": [
						{"origin": [5.30936, 4.60907, -9.99394], "size": [1, 3, 1], "uv": [3, 3]},
						{"origin": [-5.70711, 4.60907, 1.01041], "size": [1, 3, 1], "uv": [0, 0]}
					]
				},
				{
					"name": "bone11",
					"parent": "bone5",
					"pivot": [1, 9.25, 0],
					"rotation": [0, 0, 45],
					"cubes": [
						{"origin": [2.94454, 11.96231, -4], "size": [4, 1, 6], "uv": [18, 16]}
					]
				},
				{
					"name": "bone17",
					"parent": "bone5",
					"pivot": [7.47487, 7.31802, -3],
					"cubes": [
						{"origin": [-7.82843, 3.67157, -5], "size": [1, 4, 7], "uv": [0, 9]},
						{"origin": [-7.82843, 2.67157, -4], "size": [1, 1, 5], "uv": [0, 22]}
					]
				},
				{
					"name": "bone16",
					"parent": "bone5",
					"pivot": [1, 9.25, 0],
					"rotation": [0, 0, -45],
					"cubes": [
						{"origin": [-6.35876, 13.37652, -4], "size": [4, 1, 6], "uv": [9, 9]}
					]
				}
			]
		}
	]
}