{
	"format_version": "1.12.0",
	"minecraft:geometry": [
		{
			"description": {
				"identifier": "geometry.RidingHelmet",
				"texture_width": 128,
				"texture_height": 128,
				"visible_bounds_width": 3,
				"visible_bounds_height": 5.5,
				"visible_bounds_offset": [0, 2.25, 0]
			},
			"bones": [
				{
					"name": "CowboyHat",
					"pivot": [0, 24, 0]
				},
				{
					"name": "CHCrown",
					"parent": "CowboyHat",
					"pivot": [0, 0, 0],
					"cubes": [
						{
							"origin": [-5, 29, -5],
							"size": [10, 5.5, 10],
							"uv": {
								"north": {"uv": [11, 27], "uv_size": [9, 5]},
								"east": {"uv": [2, 27], "uv_size": [9, 5]},
								"south": {"uv": [29, 27], "uv_size": [9, 5]},
								"west": {"uv": [20, 27], "uv_size": [9, 5]},
								"up": {"uv": [11, 18], "uv_size": [9, 9]},
								"down": {"uv": [20, 27], "uv_size": [9, -9]}
							}
						},
						{"origin": [-6.5, 29, -9], "size": [13, 0, 18], "inflate": 0.01, "uv": [-18, 0]},
						{"origin": [4.53553, 24.41815, -7], "size": [3, 0, 14], "inflate": 0.01, "pivot": [0, 29, 0], "rotation": [0, 0, -45], "uv": [18, 0]},
						{"origin": [-7.53553, 24.41815, -7], "size": [3, 0, 14], "inflate": 0.01, "pivot": [0, 29, 0], "rotation": [0, 0, 45], "uv": [12, 0]}
					]
				},
				{
					"name": "CHBand",
					"parent": "CowboyHat",
					"pivot": [0, 0, 0],
					"cubes": [
						{"origin": [-5.1, 29, -5.1], "size": [10.2, 6, 10.2], "uv": [0, 32]}
					]
				}
			]
		}
	]
}