{
	"format_version": "1.12.0",
	"minecraft:geometry": [
		{
			"description": {
				"identifier": "geometry.HorseArmorRack",
				"texture_width": 64,
				"texture_height": 64,
				"visible_bounds_width": 4,
				"visible_bounds_height": 2.5,
				"visible_bounds_offset": [0, 0.75, 0]
			},
			"bones": [
				{
					"name": "left",
					"pivot": [8, 0, -8]
				},
				{
					"name": "middle",
					"parent": "left",
					"pivot": [8, 0, -8],
					"cubes": [
						{"origin": [-8, 0, -7], "size": [16, 1, 14], "uv": [0, 0]},
						{"origin": [-2, 1, -4], "size": [1, 15, 1], "uv": [4, 28]},
						{"origin": [7, 12.625, -3], "size": [1, 10, 1], "inflate": -0.01, "pivot": [8, 0, 0], "rotation": [0, 0, -45], "uv": [0, 15]},
						{"origin": [7, 12.625, 2], "size": [1, 10, 1], "inflate": -0.01, "pivot": [8, 0, 0], "rotation": [0, 0, -45], "uv": [10, 0]},
						{"origin": [3, 15, -6], "size": [1, 1, 12], "uv": [0, 15]},
						{"origin": [3, 12, -6], "size": [1, 3, 1], "uv": [0, 5]},
						{"origin": [3, 12, 5], "size": [1, 3, 1], "uv": [0, 0]},
						{"origin": [-8, 15, 2], "size": [11, 1, 1], "uv": [28, 21]},
						{"origin": [4, 15, 5], "size": [4, 1, 1], "uv": [14, 21]},
						{"origin": [4, 15, -6], "size": [4, 1, 1], "uv": [14, 19]},
						{"origin": [4, 12, -6], "size": [4, 1, 1], "uv": [0, 12]},
						{"origin": [4, 12, 5], "size": [4, 1, 1], "uv": [0, 10]},
						{"origin": [-8, 15, -3], "size": [11, 1, 1], "uv": [28, 19]},
						{"origin": [-2, 15, -2], "size": [1, 1, 4], "uv": [0, 5]},
						{"origin": [-2, 1, 3], "size": [1, 15, 1], "uv": [0, 28]},
						{"origin": [-2, 7, -0.875], "size": [1, 1, 8], "inflate": -0.01, "pivot": [8, 0, 0], "rotation": [22.5, 0, 0], "uv": [18, 20]}
					]
				},
				{
					"name": "front",
					"parent": "left",
					"pivot": [8, 0, -8],
					"cubes": [
						{"origin": [-21, 15, 2], "size": [13, 1, 1], "uv": [14, 17]},
						{"origin": [-21, 15, -3], "size": [13, 1, 1], "uv": [14, 15]},
						{"origin": [-21, 15, -2], "size": [1, 1, 4], "uv": [0, 0]}
					]
				}
			]
		}
	]
}