{
	"format_version": "1.12.0",
	"minecraft:geometry": [
		{
			"description": {
				"identifier": "geometry.rack_lead - Converted",
				"texture_width": 32,
				"texture_height": 32,
				"visible_bounds_width": 2,
				"visible_bounds_height": 2.5,
				"visible_bounds_offset": [0, 0.75, 0]
			},
			"bones": [
				{
					"name": "Hook",
					"pivot": [0, 8, 0],
					"cubes": [
						{"origin": [-6, 13, 3], "size": [1, 1, 5], "uv": [13, 26]},
						{"origin": [-0.5, 13, 3], "size": [1, 1, 5], "uv": [7, 14]},
						{"origin": [5, 13, 3], "size": [1, 1, 5], "uv": [13, 3]}
					]
				},
				{
					"name": "Rope1",
					"pivot": [0, 0, 0],
					"cubes": [
						{"origin": [-6.5, 11.5, 4.75], "size": [2, 3, 1], "uv": [21, 26]},
						{"origin": [-7, 3.5, 3.75], "size": [3, 8, 3], "uv": [0, 21]}
					]
				},
				{
					"name": "Clasp",
					"parent": "Rope1",
					"pivot": [0, 0, 0],
					"cubes": [
						{"origin": [-6.5, 1.5, 4.75], "size": [1, 2, 1], "uv": [13, 27]}
					]
				},
				{
					"name": "Rope2",
					"pivot": [0, 0, 0],
					"cubes": [
						{"origin": [-1, 11.5, 5.5], "size": [2, 3, 1], "uv": [5, 14]},
						{"origin": [-1.5, 3.5, 4.5], "size": [3, 8, 3], "uv": [20, 11]}
					]
				},
				{
					"name": "Clasp2",
					"parent": "Rope2",
					"pivot": [0, 0, 0],
					"cubes": [
						{"origin": [-1, 1.5, 6], "size": [1, 2, 1], "uv": [15, 15]}
					]
				},
				{
					"name": "Rope3",
					"pivot": [0, 0, 0],
					"cubes": [
						{"origin": [4.5, 11.5, 4], "size": [2, 3, 1], "uv": [21, 3]},
						{"origin": [4, 3.5, 3], "size": [3, 8, 3], "uv": [0, 0]}
					]
				},
				{
					"name": "Clasp3",
					"parent": "Rope3",
					"pivot": [0, 0, 0],
					"cubes": [
						{"origin": [5.5, 1.5, 4], "size": [1, 2, 1], "uv": [13, 4]}
					]
				}
			]
		}
	]
}