{
	"format_version": "1.12.0",
	"minecraft:geometry": [
		{
			"description": {
				"identifier": "geometry.BridleRackREMASTER",
				"texture_width": 16,
				"texture_height": 16,
				"visible_bounds_width": 2,
				"visible_bounds_height": 2.5,
				"visible_bounds_offset": [0, 0.75, 0]
			},
			"bones": [
				{
					"name": "western",
					"pivot": [0, 0, 0],
					"cubes": [
						{"origin": [-2.5, 13.5, 4.75], "size": [5, 0, 1], "uv": [0, 0]},
						{"origin": [-2.5, 5.5, 4.75], "size": [0, 8, 1], "uv": [2, 6]},
						{"origin": [2.5, 5.5, 4.75], "size": [0, 8, 1], "uv": [0, 6]},
						{
							"origin": [2.5, 4.5, 3.75],
							"size": [0, 1, 4],
							"uv": {
								"north": {"uv": [4, 5], "uv_size": [0, 1]},
								"east": {"uv": [4, 5], "uv_size": [4, 1]},
								"south": {"uv": [8, 5], "uv_size": [0, 1]},
								"west": {"uv": [0, 5], "uv_size": [4, 1]},
								"up": {"uv": [4, 1], "uv_size": [0, 4]},
								"down": {"uv": [4, 5], "uv_size": [0, -4]}
							}
						},
						{"origin": [2.5, 10.5, 2.75], "size": [0, 1, 2], "uv": [8, 7]},
						{"origin": [2.5, 9.5, 5.75], "size": [0, 1, 2], "uv": [8, 3]},
						{
							"origin": [-2.5, 4.5, 3.75],
							"size": [5, 1, 0],
							"uv": {
								"north": {"uv": [5, 6], "uv_size": [5, 1]},
								"east": {"uv": [0, 6], "uv_size": [0, 1]},
								"south": {"uv": [0, 6], "uv_size": [5, 1]},
								"west": {"uv": [5, 6], "uv_size": [0, 1]},
								"up": {"uv": [0, 6], "uv_size": [5, 0]},
								"down": {"uv": [5, 6], "uv_size": [5, 0]}
							}
						},
						{"origin": [-1, 5.5, 3.75], "size": [2, 1, 0], "uv": [4, 8]},
						{
							"origin": [-2, 9.5, 2.75],
							"size": [4, 1, 0],
							"uv": {
								"north": {"uv": [8, 7], "uv_size": [4, 1]},
								"east": {"uv": [4, 7], "uv_size": [0, 1]},
								"south": {"uv": [4, 7], "uv_size": [4, 1]},
								"west": {"uv": [8, 7], "uv_size": [0, 1]},
								"up": {"uv": [4, 7], "uv_size": [4, 0]},
								"down": {"uv": [8, 7], "uv_size": [4, 0]}
							}
						},
						{"origin": [-1, 3.5, 3.75], "size": [2, 1, 0], "uv": [10, 2]},
						{"origin": [-1, 8.5, 2.75], "size": [2, 1, 0], "uv": [10, 1]},
						{"origin": [-2.5, 10.5, 2.75], "size": [5, 1, 0], "uv": [0, 3]},
						{"origin": [-2.5, 4.5, 7.75], "size": [5, 1, 0], "uv": [0, 2]},
						{"origin": [-2.5, 9.5, 7.75], "size": [5, 1, 0], "uv": [0, 1]},
						{
							"origin": [-2.5, 4.5, 3.75],
							"size": [0, 1, 4],
							"uv": {
								"north": {"uv": [4, 4], "uv_size": [0, 1]},
								"east": {"uv": [4, 4], "uv_size": [4, 1]},
								"south": {"uv": [8, 4], "uv_size": [0, 1]},
								"west": {"uv": [0, 4], "uv_size": [4, 1]},
								"up": {"uv": [4, 0], "uv_size": [0, 4]},
								"down": {"uv": [4, 4], "uv_size": [0, -4]}
							}
						},
						{"origin": [-2.5, 10.5, 2.75], "size": [0, 1, 2], "uv": [8, 2]},
						{"origin": [-2.5, 9.5, 5.75], "size": [0, 1, 2], "uv": [8, 8]}
					]
				},
				{
					"name": "bitright",
					"parent": "western",
					"pivot": [-11, 13, 0],
					"cubes": [
						{"origin": [2.5625, 2, 4], "size": [0, 4, 1], "uv": [6, 8]},
						{"origin": [2.5625, 4, 6], "size": [0, 1, 1], "uv": [6, 12]},
						{"origin": [2.5625, 5, 5], "size": [0, 1, 1], "uv": [4, 12]},
						{"origin": [2.5625, 3, 5], "size": [0, 1, 1], "uv": [10, 11]},
						{"origin": [2.5625, 1, 5], "size": [0, 1, 1], "uv": [10, 10]}
					]
				},
				{
					"name": "bitleft",
					"parent": "western",
					"pivot": [-11, 13, 0],
					"cubes": [
						{"origin": [-2.5625, 2, 4], "size": [0, 4, 1], "uv": [4, 8]},
						{"origin": [-2.5625, 4, 6], "size": [0, 1, 1], "uv": [8, 11]},
						{"origin": [-2.5625, 5, 5], "size": [0, 1, 1], "uv": [10, 5]},
						{"origin": [-2.5625, 3, 5], "size": [0, 1, 1], "uv": [10, 2]},
						{"origin": [-2.5625, 1, 5], "size": [0, 1, 1], "uv": [8, 10]}
					]
				}
			]
		}
	]
}