{
	"format_version": "1.12.0",
	"minecraft:geometry": [
		{
			"description": {
				"identifier": "geometry.HorseArmorRack",
				"texture_width": 64,
				"texture_height": 64,
				"visible_bounds_width": 2,
				"visible_bounds_height": 2.5,
				"visible_bounds_offset": [0, 0.75, 0]
			},
			"bones": [
				{
					"name": "back",
					"pivot": [8, 0, -8],
					"cubes": [
						{"origin": [-8, 0, -7], "size": [16, 1, 14], "uv": [0, 0]},
						{"origin": [-4, 15, -6], "size": [1, 1, 12], "uv": [0, 15]},
						{"origin": [-4, 12, -6], "size": [1, 3, 1], "uv": [8, 0]},
						{"origin": [-4, 12, 5], "size": [1, 3, 1], "uv": [0, 0]},
						{"origin": [-3, 15, 2], "size": [7, 1, 1], "uv": [24, 17]},
						{"origin": [-8, 15, 5], "size": [4, 1, 1], "uv": [0, 15]},
						{"origin": [-8, 15, -6], "size": [4, 1, 1], "uv": [0, 11]},
						{"origin": [-8, 12, -6], "size": [4, 1, 1], "uv": [0, 9]},
						{"origin": [-8, 12, 5], "size": [4, 1, 1], "uv": [0, 7]},
						{"origin": [-3, 15, -3], "size": [7, 1, 1], "uv": [24, 15]},
						{"origin": [4, 15, -3], "size": [1, 1, 6], "uv": [0, 0]},
						{"origin": [4, 7, -7.1875], "size": [1, 1, 8], "inflate": -0.01, "pivot": [-8, 0, 0], "rotation": [-22.5, 0, 0], "uv": [14, 15]},
						{"origin": [4, 1, -4], "size": [1, 15, 1], "uv": [0, 28]},
						{"origin": [4, 1, 3], "size": [1, 15, 1], "uv": [26, 24]}
					]
				}
			]
		}
	]
}