{
	"format_version": "1.12.0",
	"minecraft:geometry": [
		{
			"description": {
				"identifier": "geometry.SaddleRackWall",
				"texture_width": 128,
				"texture_height": 128,
				"visible_bounds_width": 3,
				"visible_bounds_height": 2.5,
				"visible_bounds_offset": [0, 0.75, 0]
			},
			"bones": [
				{
					"name": "SaddleRackFloorandWall",
					"pivot": [0, 8, 0],
					"cubes": [
						{"origin": [-6, 0, 7], "size": [12, 16, 1], "inflate": 0.01, "uv": [1, 1]},
						{"origin": [-6, 8, -8], "size": [12, 1, 15], "uv": [28, 2]}
					]
				},
				{
					"name": "SaddleRackFloor",
					"parent": "SaddleRackFloorandWall",
					"pivot": [0, 16, 0],
					"cubes": [
						{"origin": [-6, 0, -4], "size": [12, 1, 11], "inflate": 0.01, "uv": [68, 4]}
					]
				},
				{
					"name": "Blanket",
					"parent": "SaddleRackFloorandWall",
					"pivot": [8, 0, -8],
					"cubes": [
						{"origin": [5.5, 2.5, -7.5], "size": [1, 7, 14], "uv": [18, 47]},
						{"origin": [-5.5, 8.5, -7.5], "size": [11, 1, 14], "uv": [1, 23]},
						{"origin": [-6.5, 2.5, -7.5], "size": [1, 7, 14], "uv": [1, 39]}
					]
				},
				{
					"name": "GirthStrapBelt",
					"parent": "SaddleRackFloorandWall",
					"pivot": [0, 8, 0],
					"cubes": [
						{"origin": [5.75, 1, 5], "size": [2, 14, 3], "pivot": [6.75, 10.5, 6], "rotation": [0, -45, 0], "uv": [46, 43]}
					]
				},
				{
					"name": "GirthStrapFloof",
					"parent": "SaddleRackFloorandWall",
					"pivot": [0, 8, 0],
					"cubes": [
						{"origin": [5, 1.5, 5], "size": [3, 13, 2], "pivot": [6, 11, 6], "rotation": [0, -45, 0], "uv": [35, 45]}
					]
				},
				{
					"name": "GirthStrapMetal",
					"parent": "SaddleRackFloorandWall",
					"pivot": [0, 8, 0],
					"cubes": [
						{"origin": [5.75, 1, 5], "size": [2, 14, 3], "inflate": 0.01, "pivot": [6.75, 10.5, 6], "rotation": [0, -45, 0], "uv": [57, 43]}
					]
				}
			]
		}
	]
}