{
	"format_version": "1.12.0",
	"minecraft:geometry": [
		{
			"description": {
				"identifier": "geometry.Blanket Rack Master",
				"texture_width": 128,
				"texture_height": 128,
				"visible_bounds_width": 3,
				"visible_bounds_height": 2.5,
				"visible_bounds_offset": [0, 0.75, 0]
			},
			"bones": [
				{
					"name": "RackPastureBlanketFloorandWall",
					"pivot": [0, 8, 0],
					"cubes": [
						{"origin": [-6.5, 0, 7], "size": [13, 16, 1], "inflate": 0.01, "uv": [1, 23]},
						{"origin": [-6.5, 9, -8], "size": [1, 6, 15], "uv": [1, 1]},
						{"origin": [-3.5, 9, -8], "size": [1, 6, 15], "uv": [1, 1]},
						{"origin": [-0.5, 9, -8], "size": [1, 6, 15], "uv": [1, 1]},
						{"origin": [2.5, 9, -8], "size": [1, 6, 15], "uv": [1, 1]},
						{"origin": [5.5, 9, -8], "size": [1, 6, 15], "uv": [1, 1]}
					]
				},
				{
					"name": "Floor",
					"parent": "RackPastureBlanketFloorandWall",
					"pivot": [0, 8, 0],
					"cubes": [
						{"origin": [-6.5, 0, 0], "size": [13, 1, 7], "uv": [1, 41]}
					]
				},
				{
					"name": "Blanket1",
					"parent": "RackPastureBlanketFloorandWall",
					"pivot": [8, 0, -8],
					"cubes": [
						{"origin": [-7, 4.5, -7.25], "size": [2, 11, 14], "uv": [34, 2]}
					]
				},
				{
					"name": "Blanket2",
					"parent": "RackPastureBlanketFloorandWall",
					"pivot": [0, 8, 0],
					"cubes": [
						{"origin": [-4, 4.5, -7.5], "size": [2, 11, 14], "uv": [34, 2]}
					]
				},
				{
					"name": "Blanket3",
					"parent": "RackPastureBlanketFloorandWall",
					"pivot": [0, 8, 0],
					"cubes": [
						{"origin": [-1, 4.5, -7.25], "size": [2, 11, 14], "uv": [34, 2]}
					]
				},
				{
					"name": "Blanket4",
					"parent": "RackPastureBlanketFloorandWall",
					"pivot": [0, 8, 0],
					"cubes": [
						{"origin": [2, 4.5, -7.75], "size": [2, 11, 14], "uv": [34, 2]}
					]
				},
				{
					"name": "Blanket5",
					"parent": "RackPastureBlanketFloorandWall",
					"pivot": [0, 8, 0],
					"cubes": [
						{"origin": [5, 4.5, -7.5], "size": [2, 11, 14], "uv": [34, 2]}
					]
				}
			]
		}
	]
}