{
	"format_version": "1.12.0",
	"minecraft:geometry": [
		{
			"description": {
				"identifier": "geometry.Pasture Blanket Rack Master",
				"texture_width": 128,
				"texture_height": 128,
				"visible_bounds_width": 3,
				"visible_bounds_height": 2.5,
				"visible_bounds_offset": [0, 0.75, 0]
			},
			"bones": [
				{
					"name": "RackPastureBlanketFloorand Wall",
					"pivot": [0, 8, 0],
					"cubes": [
						{"origin": [5, 9, -8], "size": [1, 6, 15], "inflate": 0.01, "uv": [1, 1]},
						{"origin": [-0.5, 9, -8], "size": [1, 6, 15], "inflate": 0.01, "uv": [1, 1]},
						{"origin": [-6, 9, -8], "size": [1, 6, 15], "inflate": 0.01, "uv": [1, 1]},
						{"origin": [-6.5, 0, 7], "size": [13, 16, 1], "inflate": 0.01, "uv": [1, 23]}
					]
				},
				{
					"name": "Floor",
					"parent": "RackPastureBlanketFloorand Wall",
					"pivot": [0, 8, 0],
					"cubes": [
						{"origin": [-6.5, 0, 0], "size": [13, 1, 7], "inflate": 0.01, "uv": [34, 89]}
					]
				},
				{
					"name": "PB1",
					"parent": "RackPastureBlanketFloorand Wall",
					"pivot": [0, 8, 0],
					"cubes": [
						{"origin": [-6.5, 1.5, -7.75], "size": [2, 14, 14], "uv": [34, 60]},
						{"origin": [-5.5, 2, -7.25], "size": [2, 14, 14], "inflate": 0.01, "uv": [67, 60]}
					]
				},
				{
					"name": "PB2",
					"parent": "RackPastureBlanketFloorand Wall",
					"pivot": [0, 8, 0],
					"cubes": [
						{"origin": [-2, 1.5, -7.85], "size": [2, 14, 14], "uv": [34, 31]},
						{"origin": [-0.75, 2, -7.25], "size": [2, 14, 14], "inflate": 0.01, "uv": [67, 31]}
					]
				},
				{
					"name": "PB3",
					"parent": "RackPastureBlanketFloorand Wall",
					"pivot": [0, 8, 0],
					"cubes": [
						{"origin": [4.5, 1.5, -7.75], "size": [2, 14, 14], "uv": [34, 2]},
						{"origin": [3.5, 2, -7.25], "size": [2, 14, 14], "inflate": 0.01, "uv": [67, 2]}
					]
				}
			]
		}
	]
}