{
	"format_version": "1.12.0",
	"minecraft:geometry": [
		{
			"description": {
				"identifier": "geometry.unknown",
				"texture_width": 16,
				"texture_height": 16,
				"visible_bounds_width": 3,
				"visible_bounds_height": 3.5,
				"visible_bounds_offset": [0, 1.25, 0]
			},
			"bones": [
				{
					"name": "englishbridle",
					"pivot": [3.5, 29.5, -29.5]
				},
				{
					"name": "leftsidebit",
					"parent": "englishbridle",
					"pivot": [3.5, 29.5, -29.5],
					"rotation": [15, 0, 0],
					"cubes": [
						{"origin": [3, 29.64738, -27.50791], "size": [1, 1, 1], "uv": [3, 3]},
						{"origin": [3, 28.64738, -28.50791], "size": [1, 1, 1], "uv": [10, 2]},
						{"origin": [3, 30.64738, -28.50791], "size": [1, 1, 1], "uv": [10, 2]},
						{"origin": [3, 28.64738, -29.50791], "size": [1, 3, 1], "uv": [3, 3]}
					]
				},
				{
					"name": "rightsidebit",
					"parent": "englishbridle",
					"pivot": [-3.5, 29.5, -29.5],
					"rotation": [15, 0, 0],
					"cubes": [
						{"origin": [-4, 28.64738, -29.50791], "size": [1, 3, 1], "uv": [0, 0]},
						{"origin": [-4, 30.64738, -28.50791], "size": [1, 1, 1], "uv": [7, 4]},
						{"origin": [-4, 28.64738, -28.50791], "size": [1, 1, 1], "uv": [6, 2]},
						{"origin": [-4, 29.64738, -27.50791], "size": [1, 1, 1], "uv": [4, 0]}
					]
				},
				{
					"name": "leftsiderein",
					"parent": "englishbridle",
					"pivot": [0, 0, 0],
					"cubes": [
						{"origin": [4.125, 30.25, -27.25], "size": [0, 1, 7], "uv": [0, 5]}
					]
				},
				{
					"name": "bone15",
					"parent": "leftsiderein",
					"pivot": [4.125, 30.25, -27.25],
					"cubes": [
						{"origin": [4.125, 30.25, -20.25], "size": [0, 1, 8], "pivot": [4.125, 30.25, -20.25], "rotation": [22.5, 0, 0], "uv": [0, 3]}
					]
				},
				{
					"name": "bone16",
					"parent": "bone15",
					"pivot": [4.125, 30.25, -20.25],
					"cubes": [
						{"origin": [4.125, 33.31147, -12.85896], "size": [0, 1, 8], "pivot": [4.125, 33.31147, -12.85896], "rotation": [22.5, 0, 0], "uv": [0, 2]}
					]
				},
				{
					"name": "rightsiderein",
					"parent": "englishbridle",
					"pivot": [-8.25, 0, 0],
					"cubes": [
						{"origin": [-4.125, 30.25, -27.25], "size": [0, 1, 7], "uv": [0, 0]}
					]
				},
				{
					"name": "bone17",
					"parent": "rightsiderein",
					"pivot": [-4.125, 30.25, -27.25],
					"cubes": [
						{"origin": [-4.125, 30.25, -20.25], "size": [0, 1, 8], "pivot": [-4.125, 30.25, -20.25], "rotation": [22.5, 0, 0], "uv": [0, 1]}
					]
				},
				{
					"name": "bone18",
					"parent": "bone17",
					"pivot": [-4.125, 30.25, -20.25],
					"cubes": [
						{"origin": [-4.125, 33.31147, -12.85896], "size": [0, 1, 8], "pivot": [-4.125, 33.31147, -12.85896], "rotation": [22.5, 0, 0], "uv": [0, 0]}
					]
				}
			]
		}
	]
}