{
   "cost": {
      "amount": 28,
      "coin": "iron"
   },
   "display": {
      "credits": "Lisssa",
      "inspiration": "IRL Halters",
      "name": "Green Furr Silver Halter"
   },
   "meta": {
      "data": {
         "can_wear_armor": false,
         "color": [
            255,
            255,
            255
         ]
      },
      "icon": "halter/green_furr_silver_halter_icon.png",
      "name": "green_furr_silver_halter",
      "textures": {
         "horse": {
            "legacy": {
               "halter": "halter/green_furr_silver_halter_legacy.png"
            }
         },
         "rack": {
            "halter_lead": "halter/rack_halter_lead_green_furr_silver_halter.png"
         }
      },
      "type": "halter"
   }
}