{
	"format_version": "1.12.0",
	"minecraft:geometry": [
		{
			"description": {
				"identifier": "geometry.RidingHelmet",
				"texture_width": 64,
				"texture_height": 64,
				"visible_bounds_width": 3,
				"visible_bounds_height": 3.5,
				"visible_bounds_offset": [0, 1.25, 0]
			},
			"bones": [
				{
					"name": "RidingHelmet",
					"pivot": [0, 9, 0],
					"rotation": [87.5, 0, 0]
				},
				{
					"name": "RHCrown",
					"parent": "RidingHelmet",
					"pivot": [0, 1, 0],
					"cubes": [
						{"origin": [-5, 2.25, -5.5], "size": [10, 4, 10], "uv": [1, 18]},
						{"origin": [-5, 0.25, -1.5], "size": [10, 2, 6], "uv": [5, 32]}
					]
				},
				{
					"name": "RHStrap",
					"parent": "RidingHelmet",
					"pivot": [0, 1, 0],
					"cubes": [
						{"origin": [-5, -4.75, -6.5], "size": [10, 7, 11], "uv": [1, 40]}
					]
				},
				{
					"name": "RHCover",
					"parent": "RidingHelmet",
					"pivot": [0, 1, 0],
					"cubes": [
						{"origin": [-5.5, 1.75, -6], "size": [11, 5, 11], "uv": [0, 0]}
					]
				}
			]
		}
	]
}