{
   "cost": {
      "amount": 16,
      "coin": "iron"
   },
   "display": {
      "credits": "Lisssa",
      "inspiration": "IRL Saddles",
      "name": "Black Rose Saddle"
   },
   "meta": {
      "data": {
         "can_wear_armor": false,
         "model_type": "english"
      },
      "icon": "saddle/black_rose_saddle_icon.png",
      "name": "black_rose_saddle",
      "textures": {
         "horse": {
            "legacy": {
               "saddle": "saddle/black_rose_saddle_legacy.png"
            }
         },
         "rack": {
            "saddle": "saddle/rack_saddle_black_rose_saddle.png"
         }
      },
      "type": "saddle"
   }
}