{
   "cost": {
      "amount": 16,
      "coin": "iron"
   },
   "display": {
      "credits": "Lisssa",
      "inspiration": "IRL Saddles",
      "name": "Brown Gold Saddle"
   },
   "meta": {
      "data": {
         "can_wear_armor": false,
         "model_type": "english"
      },
      "icon": "saddle/brown_gold_saddle_icon.png",
      "name": "brown_gold_saddle",
      "textures": {
         "horse": {
            "legacy": {
               "saddle": "saddle/brown_gold_saddle_legacy.png"
            }
         },
         "rack": {
            "saddle": "saddle/rack_saddle_brown_gold_saddle.png"
         }
      },
      "type": "saddle"
   }
}