{
	"format_version": "1.12.0",
	"minecraft:geometry": [
		{
			"description": {
				"identifier": "geometry.unknown",
				"texture_width": 64,
				"texture_height": 64,
				"visible_bounds_width": 2,
				"visible_bounds_height": 2.5,
				"visible_bounds_offset": [0, 0.75, 0]
			},
			"bones": [
				{
					"name": "bone5",
					"pivot": [0, 2.375, 0.125],
					"cubes": [
						{"origin": [-5, 8.5, -4], "size": [10, 2, 9], "uv": [0, 0]}
					]
				},
				{
					"name": "bone14",
					"parent": "bone5",
					"pivot": [1, 9.5, 1],
					"cubes": [
						{"origin": [2, 8.5, -5], "size": [3, 3, 1], "uv": [0, 4]},
						{"origin": [-2, 10.5, -5], "size": [4, 1, 1], "uv": [0, 13]},
						{"origin": [-2, 10.5, -4], "size": [4, 1, 1], "uv": [0, 11]},
						{"origin": [-1, 10.5, -3], "size": [2, 1, 1], "uv": [0, 15]},
						{"origin": [-5, 8.5, -5], "size": [3, 3, 1], "uv": [0, 0]},
						{"origin": [-3, 11.5, -5], "size": [6, 1, 1], "uv": [12, 22]},
						{"origin": [-0.5, 13.79289, -6.20971], "size": [1, 1, 1], "inflate": 0.0625, "pivot": [2.5, 12.79289, -6.20971], "rotation": [-45, 0, 0], "uv": [0, 17]},
						{"origin": [-4, 9.9375, 4.3125], "size": [8, 3, 1], "pivot": [0, 9.9375, 4.3125], "rotation": [-45, 0, 0], "uv": [29, 29]}
					]
				},
				{
					"name": "bone19",
					"parent": "bone14",
					"pivot": [0, 9.9375, 4.3125],
					"cubes": [
						{"origin": [-0.5, 12.5, -5], "size": [1, 1, 1], "uv": [6, 15]}
					]
				},
				{
					"name": "bone15",
					"parent": "bone14",
					"pivot": [1, 9.9375, 1.3125],
					"cubes": [
						{"origin": [-3, 11.27729, 5.63494], "size": [6, 2, 1], "pivot": [0, 11.27729, 5.63494], "rotation": [-22.5, 0, 0], "uv": [18, 15]}
					]
				},
				{
					"name": "bone11",
					"parent": "bone5",
					"pivot": [1, 9.25, 0],
					"cubes": [
						{"origin": [3.47487, 6.81802, -5], "size": [4, 1, 10], "pivot": [7.47487, 7.31802, -2], "rotation": [0, 0, 45], "uv": [18, 18]}
					]
				},
				{
					"name": "bone12",
					"parent": "bone11",
					"pivot": [7.47487, 7.31802, -3],
					"cubes": [
						{"origin": [6.82843, 0.67157, -4], "size": [1, 7, 5], "uv": [34, 34]},
						{"origin": [6.32843, 3.67157, -5], "size": [1, 4, 10], "uv": [28, 1]}
					]
				},
				{
					"name": "bone18",
					"parent": "bone12",
					"pivot": [7.82843, 6.67157, -3]
				},
				{
					"name": "bone16",
					"parent": "bone5",
					"pivot": [1, 9.25, 0],
					"cubes": [
						{"origin": [-7.47487, 6.81802, -5], "size": [4, 1, 10], "pivot": [-7.47487, 7.31802, -2], "rotation": [0, 0, -45], "uv": [0, 11]}
					]
				},
				{
					"name": "bone17",
					"parent": "bone16",
					"pivot": [7.47487, 7.31802, -3],
					"cubes": [
						{"origin": [-7.82843, 0.67157, -4], "size": [1, 7, 5], "uv": [22, 29]},
						{"origin": [-7.32843, 3.67157, -5], "size": [1, 4, 10], "uv": [0, 22]}
					]
				}
			]
		}
	]
}