{
	"format_version": "1.12.0",
	"minecraft:geometry": [
		{
			"description": {
				"identifier": "geometry.BridleRackREMASTER",
				"texture_width": 16,
				"texture_height": 16,
				"visible_bounds_width": 2,
				"visible_bounds_height": 2.5,
				"visible_bounds_offset": [0, 0.75, 0]
			},
			"bones": [
				{
					"name": "bridlerack",
					"pivot": [0, 0, 0],
					"cubes": [
						{"origin": [-3, 11, 7], "size": [6, 4, 1], "uv": [0, 0]},
						{"origin": [-2, 12, 4], "size": [4, 1, 3], "uv": [0, 5]},
						{"origin": [-2, 12, 3], "size": [4, 2, 1], "uv": [0, 9]}
					]
				}
			]
		}
	]
}