{
	"format_version": "1.12.0",
	"minecraft:geometry": [
		{
			"description": {
				"identifier": "geometry.Pilo O Horse Poo REMASTER",
				"texture_width": 16,
				"texture_height": 16,
				"visible_bounds_width": 3,
				"visible_bounds_height": 2.5,
				"visible_bounds_offset": [0, 0.75, 0]
			},
			"bones": [
				{
					"name": "group",
					"pivot": [-1, 8, 0],
					"cubes": [
						{"origin": [-3, 0, -2], "size": [2, 3, 2], "uv": [6, 9]},
						{"origin": [-4, 0, 1], "size": [2, 1, 1], "uv": [2, 6]},
						{"origin": [-3, 0, 3], "size": [2, 1, 1], "uv": [8, 12]},
						{"origin": [2, 0, 3], "size": [1, 1, 2], "uv": [6, 12]},
						{"origin": [1, 0, -4], "size": [1, 1, 1], "uv": [8, 9]},
						{"origin": [2, 0, -3], "size": [1, 1, 1], "uv": [1, 14]},
						{"origin": [3, 0, -2], "size": [2, 1, 1], "uv": [3, 2]},
						{"origin": [-4, 0, 2], "size": [1, 1, 1], "uv": [7, 14]},
						{"origin": [1, 0, 3], "size": [1, 1, 1], "uv": [8, 2]},
						{"origin": [-6, 0, -2], "size": [1, 1, 1], "uv": [9, 6]},
						{"origin": [-4, 0, -5], "size": [1, 1, 1], "uv": [1, 13]},
						{"origin": [-5, 0, -3], "size": [2, 1, 1], "uv": [1, 1]},
						{"origin": [-3, 0, -4], "size": [2, 1, 1], "uv": [3, 13]},
						{"origin": [-2, 0, 0], "size": [1, 1, 1], "uv": [6, 14]},
						{"origin": [-1, 0, 1], "size": [3, 2, 2], "uv": [0, 0]},
						{"origin": [0, 0, -1], "size": [3, 1, 2], "uv": [4, 6]},
						{"origin": [-1, 0, -3], "size": [2, 2, 2], "uv": [6, 10]},
						{"origin": [-5, 0, -1], "size": [2, 2, 2], "uv": [0, 0]}
					]
				}
			]
		}
	]
}