{
	"format_version": "1.12.0",
	"minecraft:geometry": [
		{
			"description": {
				"identifier": "geometry.unknown",
				"texture_width": 128,
				"texture_height": 128,
				"visible_bounds_width": 3,
				"visible_bounds_height": 3.5,
				"visible_bounds_offset": [0, 1.25, 0]
			},
			"bones": [
				{
					"name": "Head",
					"pivot": [0, 24, 0]
				},
				{
					"name": "armorHead",
					"parent": "Head",
					"pivot": [0.05556, 36.55556, 2.61111],
					"cubes": [
						{"origin": [-4, 32, -4], "size": [8, 1, 8], "inflate": -0.001, "uv": [0, 16]},
						{"origin": [-4, 24, 4], "size": [8, 8, 1], "uv": [48, 32]},
						{"origin": [-5, 27, -4], "size": [1, 5, 8], "inflate": -0.001, "uv": [18, 41]},
						{"origin": [4.5, 28, -4], "size": [1, 3, 3], "inflate": -0.001, "uv": [0, 16]},
						{"origin": [-5.5, 28, -4], "size": [1, 3, 3], "inflate": -0.001, "uv": [0, 0]},
						{"origin": [4.5, 28, -1], "size": [1, 2, 1], "uv": [36, 24]},
						{"origin": [-5.5, 28, -1], "size": [1, 2, 1], "uv": [35, 20]},
						{"origin": [-5, 26, -4], "size": [1, 1, 3], "inflate": -0.001, "uv": [20, 25]},
						{"origin": [4, 26, -4], "size": [1, 1, 3], "inflate": -0.001, "uv": [24, 4]},
						{"origin": [-5, 24, 1], "size": [1, 3, 3], "uv": [28, 41]},
						{"origin": [4, 24, 1], "size": [1, 3, 3], "uv": [0, 41]},
						{"origin": [4, 27, -4], "size": [1, 5, 8], "inflate": -0.001, "uv": [0, 41]},
						{"origin": [-0.5, 23.5, -6], "size": [1, 3, 1], "uv": [0, 25]},
						{"origin": [-0.5, 28.5, -6], "size": [1, 5, 1], "uv": [48, 10]},
						{"origin": [-4, 24, -4], "size": [8, 8, 8], "inflate": 0.01, "uv": [0, 0]}
					]
				},
				{
					"name": "bone",
					"parent": "armorHead",
					"pivot": [0, 31, -10],
					"rotation": [0, 22.5, 0],
					"cubes": [
						{"origin": [-5.99267, 31, -6.49582], "size": [4, 1, 1], "uv": [45, 63]},
						{"origin": [-4.99267, 32, -6.49582], "size": [3, 1, 1], "uv": [40, 32]},
						{"origin": [-6.99267, 29, -6.49582], "size": [5, 2, 1], "uv": [56, 28]},
						{"origin": [-6.99267, 25, -6.49582], "size": [5, 1, 1], "uv": [60, 49]},
						{"origin": [-5.99267, 24, -6.49582], "size": [4, 1, 1], "uv": [64, 10]},
						{"origin": [-6.99267, 25, -6.49582], "size": [2, 6, 1], "inflate": -0.0625, "uv": [56, 61]}
					]
				},
				{
					"name": "bone4",
					"parent": "armorHead",
					"pivot": [-1, 31, -10],
					"rotation": [0, -22.5, 0],
					"cubes": [
						{"origin": [1.91655, 31, -6.87851], "size": [4, 1, 1], "uv": [63, 45]},
						{"origin": [1.91655, 32, -6.87851], "size": [3, 1, 1], "uv": [40, 34]},
						{"origin": [1.91655, 29, -6.87851], "size": [5, 2, 1], "uv": [56, 58]},
						{"origin": [1.91655, 25, -6.87851], "size": [5, 1, 1], "uv": [10, 60]},
						{"origin": [1.91655, 24, -6.87851], "size": [4, 1, 1], "inflate": 0.002, "uv": [64, 12]},
						{"origin": [4.91655, 25, -6.87851], "size": [2, 6, 1], "inflate": -0.0625, "uv": [22, 60]}
					]
				},
				{
					"name": "Body",
					"pivot": [0, 24, 0]
				},
				{
					"name": "armorBody",
					"parent": "Body",
					"pivot": [0, 24, 0],
					"cubes": [
						{"origin": [-4, 12, -2], "size": [8, 12, 4], "inflate": 0.01, "uv": [0, 25]},
						{"origin": [-4, 14, 1.5], "size": [8, 9, 1], "uv": [48, 0]}
					]
				},
				{
					"name": "bone9",
					"parent": "armorBody",
					"pivot": [0, 22.5, -4.5],
					"rotation": [22.5, 0, 0],
					"cubes": [
						{"origin": [-4, 10.5, -2.5], "size": [8, 3, 1], "inflate": -0.001, "uv": [24, 16]},
						{"origin": [-3, 8.5, -2.5], "size": [2, 1, 1], "uv": [65, 31]},
						{"origin": [1, 8.5, -2.5], "size": [2, 1, 1], "uv": [66, 19]},
						{"origin": [1, 9.5, -2.5], "size": [3, 1, 1], "uv": [0, 6]},
						{"origin": [-4, 9.5, -2.5], "size": [3, 1, 1], "uv": [0, 22]}
					]
				},
				{
					"name": "bone10",
					"parent": "armorBody",
					"pivot": [0, 24.25, 3.5],
					"rotation": [-22.5, 0, 0],
					"cubes": [
						{"origin": [-4, 11.07152, 1.8], "size": [8, 3, 1], "inflate": -0.001, "uv": [52, 41]},
						{"origin": [-3, 9.07152, 1.8], "size": [2, 1, 1], "uv": [66, 33]},
						{"origin": [1, 9.07152, 1.8], "size": [2, 1, 1], "uv": [66, 35]},
						{"origin": [-4, 10.07152, 1.8], "size": [3, 1, 1], "uv": [0, 64]},
						{"origin": [1, 10.07152, 1.8], "size": [3, 1, 1], "uv": [7, 65]}
					]
				},
				{
					"name": "bone14",
					"parent": "armorBody",
					"pivot": [1, 24, -2],
					"rotation": [0, 22.5, 0],
					"cubes": [
						{"origin": [-4.2085, 17, -4.07504], "size": [5, 5, 1], "uv": [35, 53]},
						{"origin": [-2.30417, 22, -3.84407], "size": [3, 1, 1], "uv": [0, 47]}
					]
				},
				{
					"name": "bone13",
					"parent": "armorBody",
					"pivot": [0, 20.5, -8.5],
					"rotation": [0, 11.25, 0],
					"cubes": [
						{"origin": [-5.09705, 16, -3.16439], "size": [4, 1, 1], "uv": [64, 55]}
					]
				},
				{
					"name": "bone2",
					"parent": "armorBody",
					"pivot": [0, 19.5, -8.5],
					"rotation": [0, 11.25, 0],
					"cubes": [
						{"origin": [-5.14582, 15, -2.9192], "size": [4, 1, 1], "uv": [28, 63]}
					]
				},
				{
					"name": "bone25",
					"parent": "armorBody",
					"pivot": [0, 16, -4],
					"rotation": [0, -11.25, 0],
					"cubes": [
						{"origin": [0.1504, 16, -3.06425], "size": [4, 1, 1], "inflate": -0.001, "uv": [64, 53]}
					]
				},
				{
					"name": "bone3",
					"parent": "armorBody",
					"pivot": [0, 15, -4],
					"rotation": [0, -11.25, 0],
					"cubes": [
						{"origin": [0.19917, 15, -2.81906], "size": [4, 1, 1], "inflate": -0.001, "uv": [60, 51]}
					]
				},
				{
					"name": "bone12",
					"parent": "armorBody",
					"pivot": [4, 22, -2],
					"rotation": [0, -22.5, 0],
					"cubes": [
						{"origin": [-0.38635, 17, -2.17179], "size": [5, 5, 1], "inflate": -0.001, "uv": [0, 54]},
						{"origin": [-0.29068, 22, -1.94082], "size": [3, 1, 1], "inflate": -0.001, "uv": [28, 47]}
					]
				},
				{
					"name": "bone5",
					"parent": "armorBody",
					"pivot": [2, 4, 2],
					"rotation": [-22.5, 0, 0],
					"cubes": [
						{"origin": [1, 20.24545, -4.99968], "size": [1, 1, 2], "uv": [0, 66]},
						{"origin": [-2, 20.24545, -4.99968], "size": [1, 1, 2], "uv": [43, 65]},
						{"origin": [1, 18.39769, -4.23432], "size": [1, 1, 2], "uv": [62, 65]},
						{"origin": [-2, 18.39769, -4.23432], "size": [1, 1, 2], "uv": [32, 65]},
						{"origin": [1, 16.54993, -3.46895], "size": [1, 1, 2], "uv": [49, 65]},
						{"origin": [-2, 16.54993, -3.46895], "size": [1, 1, 2], "uv": [26, 65]},
						{"origin": [1, 14.70217, -2.70358], "size": [1, 1, 1], "uv": [21, 41]},
						{"origin": [-2, 14.70217, -2.70358], "size": [1, 1, 1], "uv": [36, 27]}
					]
				},
				{
					"name": "RightArm",
					"pivot": [-4, 22, 0]
				},
				{
					"name": "armorRightArm",
					"parent": "RightArm",
					"pivot": [-4, 22, 0],
					"cubes": [
						{"origin": [-7, 24, -1], "size": [3, 1, 2], "uv": [8, 62]},
						{"origin": [-7, 12, -2], "size": [3, 12, 4], "inflate": 0.01, "uv": [40, 16]}
					]
				},
				{
					"name": "bone23",
					"parent": "armorRightArm",
					"pivot": [-12, 23, 0],
					"rotation": [22.5, 0, -22.5],
					"cubes": [
						{"origin": [-7.61817, 22.38685, -2.95239], "size": [3, 1, 3], "uv": [24, 20]}
					]
				},
				{
					"name": "bone24",
					"parent": "armorRightArm",
					"pivot": [-12, 23, 0],
					"rotation": [-22.5, 0, -22.5],
					"cubes": [
						{"origin": [-7.61817, 22.30721, -0.23988], "size": [3, 1, 3], "uv": [52, 45]}
					]
				},
				{
					"name": "LeftArm",
					"pivot": [4, 22, 0]
				},
				{
					"name": "armorLeftArm",
					"parent": "LeftArm",
					"pivot": [4, 22, 0],
					"cubes": [
						{"origin": [4, 24, -1], "size": [3, 1, 2], "uv": [62, 62]},
						{"origin": [4, 12, -2], "size": [3, 12, 4], "inflate": 0.01, "uv": [36, 37]}
					]
				},
				{
					"name": "bone21",
					"parent": "armorLeftArm",
					"pivot": [10, 24, 0],
					"rotation": [-22.5, 0, 22.5],
					"cubes": [
						{"origin": [4.92825, 23.23179, -0.06503], "size": [3, 1, 3], "uv": [10, 45]}
					]
				},
				{
					"name": "bone22",
					"parent": "armorLeftArm",
					"pivot": [10, 24, 0],
					"rotation": [22.5, 0, 22.5],
					"cubes": [
						{"origin": [4.92825, 23.20989, -2.88208], "size": [3, 1, 3], "uv": [10, 41]}
					]
				},
				{
					"name": "RightLeg",
					"pivot": [-2, 12, 0]
				},
				{
					"name": "armorRightLeg",
					"parent": "RightLeg",
					"pivot": [-2, 12, 0],
					"cubes": [
						{"origin": [0, 0, -2], "size": [4, 12, 4], "inflate": 0.01, "uv": [32, 0]}
					]
				},
				{
					"name": "bone33",
					"parent": "armorRightLeg",
					"pivot": [-2, 12, 0],
					"cubes": [
						{"origin": [0, 8, -2.5], "size": [4, 4, 1], "uv": [46, 58]}
					]
				},
				{
					"name": "bone34",
					"parent": "armorRightLeg",
					"pivot": [2, 8.6875, -2.125],
					"rotation": [15, 0, 0],
					"cubes": [
						{"origin": [0, 6.13947, -2.80739], "size": [4, 3, 1], "inflate": -0.0625, "uv": [31, 59]}
					]
				},
				{
					"name": "bone36",
					"parent": "armorRightLeg",
					"pivot": [1, 12, 0],
					"rotation": [0, 22.5, 0],
					"cubes": [
						{"origin": [3.72835, 8, -1.16165], "size": [1, 4, 2], "uv": [16, 63]}
					]
				},
				{
					"name": "RightBoot",
					"pivot": [1.9, 12, 0.1]
				},
				{
					"name": "armorrightboot2",
					"parent": "RightBoot",
					"pivot": [6, 12, 0],
					"cubes": [
						{"origin": [0, -0.0625, -4], "size": [4, 2, 2], "uv": [24, 0]},
						{"origin": [0, 0, -2], "size": [4, 5, 4], "inflate": 0.0625, "uv": [52, 10]},
						{"origin": [1, 1.9375, -3], "size": [2, 1, 1], "uv": [66, 23]}
					]
				},
				{
					"name": "bone29",
					"parent": "armorrightboot2",
					"pivot": [4, 6, 2],
					"rotation": [-11.25, 0, 0],
					"cubes": [
						{"origin": [0, 0.08051, 2.1829], "size": [4, 5, 1], "uv": [12, 54]}
					]
				},
				{
					"name": "bone30",
					"parent": "armorrightboot2",
					"pivot": [2, 4, 2],
					"rotation": [-22.5, 0, 0],
					"cubes": [
						{"origin": [2, 3.84659, 1.79295], "size": [1, 1, 2], "uv": [66, 66]}
					]
				},
				{
					"name": "bone31",
					"parent": "armorrightboot2",
					"pivot": [2, 2, 2],
					"rotation": [-22.5, 0, 0],
					"cubes": [
						{"origin": [2, 1.9959, 1.66345], "size": [1, 1, 2], "uv": [66, 0]},
						{"origin": [2, 0.34118, 2.07826], "size": [1, 1, 1], "uv": [44, 0]}
					]
				},
				{
					"name": "LeftLeg",
					"pivot": [2, 12, 0]
				},
				{
					"name": "armorLeftLeg",
					"parent": "LeftLeg",
					"pivot": [-5, 11, -2],
					"cubes": [
						{"origin": [-4, 8, -2.5], "size": [4, 4, 1], "uv": [56, 23]},
						{"origin": [-4, 0, -2], "size": [4, 12, 4], "inflate": 0.01, "uv": [24, 25]}
					]
				},
				{
					"name": "bone32",
					"parent": "armorLeftLeg",
					"pivot": [-2, 9, -2],
					"rotation": [15, 0, 0],
					"cubes": [
						{"origin": [-4, 6.19518, -2.92558], "size": [4, 3, 1], "inflate": -0.0625, "uv": [0, 60]}
					]
				},
				{
					"name": "bone35",
					"parent": "armorLeftLeg",
					"pivot": [-8, 11, -2],
					"rotation": [0, -22.5, 0],
					"cubes": [
						{"origin": [-4.49582, 8, -3.99267], "size": [1, 4, 2], "uv": [39, 61]}
					]
				},
				{
					"name": "LeftBoot",
					"pivot": [-1.9, 12, 0.1],
					"cubes": [
						{"origin": [-4, -0.0625, -4], "size": [4, 2, 2], "uv": [56, 19]},
						{"origin": [-3, 1.9375, -3], "size": [2, 1, 1], "uv": [66, 25]},
						{"origin": [-4, 0, -2], "size": [4, 5, 4], "inflate": 0.0625, "uv": [48, 49]}
					]
				},
				{
					"name": "bone26",
					"parent": "LeftBoot",
					"pivot": [0, 6, 2],
					"rotation": [-11.25, 0, 0],
					"cubes": [
						{"origin": [-4, 0.08051, 2.1829], "size": [4, 5, 1], "uv": [22, 54]}
					]
				},
				{
					"name": "bone27",
					"parent": "LeftBoot",
					"pivot": [-2, 4, 2],
					"rotation": [-22.5, 0, 0],
					"cubes": [
						{"origin": [-3, 3.84659, 1.79295], "size": [1, 1, 2], "uv": [66, 6]}
					]
				},
				{
					"name": "bone28",
					"parent": "LeftBoot",
					"pivot": [-2, 2, 2],
					"rotation": [-22.5, 0, 0],
					"cubes": [
						{"origin": [-3, 1.9959, 1.66345], "size": [1, 1, 2], "uv": [66, 3]},
						{"origin": [-3, 0.34118, 2.07826], "size": [1, 1, 1], "uv": [44, 2]}
					]
				}
			]
		}
	]
}