{
	"format_version": "1.8.0",
	"animations": {
		"slither2.io": {
			"loop": true,
			"animation_length": 2.4,
			"bones": {
				"slither2": {
					"rotation": {
						"0.0": {
							"vector": [0, -17.5, 0]
						},
						"0.76": {
							"vector": [0, 30.38, 0]
						},
						"1.56": {
							"vector": [0, -26, 0]
						},
						"2.4": {
							"vector": [0, -17.5, 0]
						}
					}
				},
				"slither3": {
					"rotation": {
						"0.0": {
							"vector": [0, 10, 0]
						},
						"0.76": {
							"vector": [0, -13.75, 0]
						},
						"1.56": {
							"vector": [0, -5, 0]
						},
						"2.4": {
							"vector": [0, 10, 0]
						}
					}
				},
				"slither4": {
					"rotation": {
						"0.0": {
							"vector": [0, 17.5, 0]
						},
						"0.76": {
							"vector": [0, -20.62, 0]
						},
						"1.56": {
							"vector": [0, 35, 0]
						},
						"2.4": {
							"vector": [0, 17.5, 0]
						}
					}
				},
				"slither5": {
					"rotation": {
						"0.0": {
							"vector": [0, 15, 0]
						},
						"0.76": {
							"vector": [0, -29.37, 0]
						},
						"1.56": {
							"vector": [0, 37.5, 0]
						},
						"2.4": {
							"vector": [0, 15, 0]
						}
					}
				},
				"slither6": {
					"rotation": {
						"0.0": {
							"vector": [0, -12.5, 0]
						},
						"0.76": {
							"vector": [0, -23.12, 0]
						},
						"1.56": {
							"vector": [0, 5, 0]
						},
						"2.4": {
							"vector": [0, -12.5, 0]
						}
					}
				},
				"slither7": {
					"rotation": {
						"0.0": {
							"vector": [0, -17.5, 0]
						},
						"0.76": {
							"vector": [0, 14.38, 0]
						},
						"1.56": {
							"vector": [0, 20, 0]
						},
						"2.4": {
							"vector": [0, -17.5, 0]
						}
					}
				}
			}
		},
		"idle": {
			"loop": true,
			"animation_length": 1.04,
			"bones": {
				"slither2": {
					"rotation": {
						"0.0": {
							"vector": [0, -17.5, 0]
						},
						"0.24": {
							"vector": [0, -17.5, 0]
						},
						"0.48": {
							"vector": [0, -17.5, 0]
						},
						"0.76": {
							"vector": [0, -17.5, 0]
						},
						"1.0": {
							"vector": [0, -17.5, 0]
						}
					}
				},
				"slither3": {
					"rotation": {
						"0.0": {
							"vector": [0, 10, 0]
						},
						"0.24": {
							"vector": [0, 10, 0]
						},
						"0.48": {
							"vector": [0, 10, 0]
						},
						"0.76": {
							"vector": [0, 10, 0]
						},
						"1.0": {
							"vector": [0, 10, 0]
						}
					}
				},
				"slither4": {
					"rotation": {
						"0.0": {
							"vector": [0, 17.5, 0]
						},
						"0.24": {
							"vector": [0, 17.5, 0]
						},
						"0.48": {
							"vector": [0, 17.5, 0]
						},
						"0.76": {
							"vector": [0, 17.5, 0]
						},
						"1.0": {
							"vector": [0, 17.5, 0]
						}
					}
				},
				"slither5": {
					"rotation": {
						"0.0": {
							"vector": [0, 15, 0]
						},
						"0.24": {
							"vector": [0, 15, 0]
						},
						"0.48": {
							"vector": [0, 15, 0]
						},
						"0.76": {
							"vector": [0, 15, 0]
						},
						"1.0": {
							"vector": [0, 15, 0]
						}
					}
				},
				"slither6": {
					"rotation": {
						"0.0": {
							"vector": [0, -12.5, 0]
						},
						"0.24": {
							"vector": [0, -12.5, 0]
						},
						"0.48": {
							"vector": [0, -12.5, 0]
						},
						"0.76": {
							"vector": [0, -12.5, 0]
						},
						"1.0": {
							"vector": [0, -12.5, 0]
						}
					}
				},
				"slither7": {
					"rotation": {
						"0.0": {
							"vector": [0, -17.5, 0]
						},
						"0.24": {
							"vector": [0, -45, 0]
						},
						"0.48": {
							"vector": [0, -17.5, 0]
						},
						"0.76": {
							"vector": [0, 17.5, 0]
						},
						"1.0": {
							"vector": [0, -17.5, 0]
						}
					}
				}
			}
		}
	},
	"geckolib_format_version": 2
}