{
	"format_version": "1.8.0",
	"animations": {
		"gait.walk": {
			"loop": true,
			"animation_length": 2,
			"bones": {
				"neck": {
					"rotation": {
						"0.0": {
							"vector": [22.5, 0, 0]
						},
						"2.0": {
							"vector": [22.5, 0, 0]
						}
					},
					"position": {
						"0.5": {
							"vector": [0, 0, -0.2]
						},
						"0.9583": {
							"vector": [0, 0, 0]
						},
						"1.4167": {
							"vector": [0, 0, -0.3]
						}
					}
				},
				"head": {
					"rotation": {
						"0.0": {
							"vector": [-2.5, 0, 0]
						},
						"0.9583": {
							"vector": [5, 0, 0]
						},
						"1.4167": {
							"vector": [0, 0, 0]
						},
						"2.0": {
							"vector": [-2.5, 0, 0]
						}
					}
				},
				"earright": {
					"rotation": {
						"vector": [0, 30, 0]
					}
				},
				"earleft": {
					"rotation": {
						"vector": [0, -30, 0]
					}
				},
				"frontrightleg": {
					"rotation": {
						"0.0": {
							"vector": [7.5, 0, 0]
						},
						"0.5": {
							"vector": [5, 0, 0]
						},
						"0.9583": {
							"vector": [-7.5, 0, 0]
						},
						"1.4167": {
							"vector": [-1.4742, 0, 0]
						},
						"2.0": {
							"vector": [7.5, 0, 0]
						}
					},
					"position": {
						"0.0": {
							"vector": [0, -0.3, 0]
						},
						"0.5": {
							"vector": [0, 0.1, 0]
						},
						"0.9583": {
							"vector": [0, -0.3, 0]
						},
						"1.4167": {
							"vector": [0, -0.3, 0]
						},
						"2.0": {
							"vector": [0, -0.3, 0]
						}
					}
				},
				"flupperleg": {
					"rotation": {
						"0.0": {
							"vector": [0, 0, 0]
						},
						"0.5": {
							"vector": [-12.5, 0, 0]
						},
						"1.4167": {
							"vector": [-0.26944, 0, 0]
						},
						"2.0": {
							"vector": [0, 0, 0]
						}
					},
					"position": {
						"0.0": {
							"vector": [0, 0, 0.2]
						},
						"0.5": {
							"vector": [0, 0.3, -0.3]
						},
						"0.9583": {
							"vector": [0, 0.2, 0.05]
						},
						"1.4167": {
							"vector": [0, 0.1, 0.2]
						},
						"2.0": {
							"vector": [0, 0, 0.2]
						}
					}
				},
				"fllowerleg": {
					"rotation": {
						"0.0": {
							"vector": [0, 0, 0]
						},
						"0.5": {
							"vector": [40, 0, 0]
						},
						"0.9583": {
							"vector": [-4.96557, 0, 0]
						},
						"1.4167": {
							"vector": [1.96765, 0, 0]
						},
						"2.0": {
							"vector": [0, 0, 0]
						}
					},
					"position": {
						"0.0": {
							"vector": [0, 0, 0.1]
						},
						"0.5": {
							"vector": [0, 0.4, 0]
						},
						"0.9583": {
							"vector": [0, -0.3, 0]
						},
						"1.4167": {
							"vector": [0, 0, 0.1]
						},
						"2.0": {
							"vector": [0, 0, 0.1]
						}
					}
				},
				"flhoof": {
					"rotation": {
						"0.0": {
							"vector": [-7.5, 0, 0]
						},
						"0.5": {
							"vector": [17.5, 0, 0]
						},
						"0.9583": {
							"vector": [26.94759, 0, 0]
						},
						"1.4167": {
							"vector": [1.73866, 0, 0]
						},
						"2.0": {
							"vector": [-7.5, 0, 0]
						}
					},
					"position": {
						"0.0": {
							"vector": [0, 0.1, 0.3]
						},
						"0.5": {
							"vector": [0, 0, 0.8]
						},
						"0.9583": {
							"vector": [0, -0.1, 0.6]
						},
						"1.4167": {
							"vector": [0, 0.1, 0.4]
						},
						"2.0": {
							"vector": [0, 0.1, 0.3]
						}
					}
				},
				"frontleftleg": {
					"rotation": {
						"0.0": {
							"vector": [-12.5, 0, 0]
						},
						"0.5": {
							"vector": [2.204, 0, 0]
						},
						"0.9583": {
							"vector": [7.204, 0, 0]
						},
						"1.4167": {
							"vector": [5.87063, 0, 0]
						},
						"2.0": {
							"vector": [-2.5, 0, 0]
						}
					},
					"position": {
						"0.5": {
							"vector": [0, -0.3, 0]
						},
						"0.9583": {
							"vector": [0, -0.5, 0]
						},
						"1.4167": {
							"vector": [0, 0.1, 0]
						}
					}
				},
				"frupperleg": {
					"rotation": {
						"0.5": {
							"vector": [-2.5, 0, 0]
						},
						"0.9583": {
							"vector": [-1.45339, 0, 0]
						},
						"1.4167": {
							"vector": [-17.5, 0, 0]
						}
					},
					"position": {
						"0.0": {
							"vector": [0, 0, -0.1]
						},
						"0.5": {
							"vector": [0, 0, 0]
						},
						"0.9583": {
							"vector": [0, 0.1, 0.24]
						},
						"2.0": {
							"vector": [0, 0, -0.1]
						}
					}
				},
				"frlowerleg": {
					"rotation": {
						"0.0": {
							"vector": [-2.5, 0, 0]
						},
						"0.9583": {
							"vector": [2.89087, 0, 0]
						},
						"1.4167": {
							"vector": [43.45414, 0, 0]
						},
						"2.0": {
							"vector": [-2.5, 0, 0]
						}
					},
					"position": {
						"0.0": {
							"vector": [0, -0.2, 0.1]
						},
						"0.9583": {
							"vector": [0, 0.2, 0.1]
						},
						"1.4167": {
							"vector": [0, 0.4, 0]
						},
						"2.0": {
							"vector": [0, -0.2, 0.1]
						}
					}
				},
				"frhoof": {
					"rotation": {
						"0.0": {
							"vector": [20, 0, 0]
						},
						"0.5": {
							"vector": [-1.53921, 0, 0]
						},
						"0.9583": {
							"vector": [5.71604, 0, 0]
						},
						"1.4167": {
							"vector": [12.58416, 0, 0]
						},
						"2.0": {
							"vector": [20, 0, 0]
						}
					},
					"position": {
						"0.5": {
							"vector": [0, 0.2, 0.5]
						},
						"0.9583": {
							"vector": [0, 0.1, 0.5]
						},
						"1.4167": {
							"vector": [0, 0, 0.7]
						}
					}
				},
				"middle": {
					"rotation": {
						"0.5": {
							"vector": [-2.5, 0, 0]
						},
						"0.9583": {
							"vector": [0, 0, 0]
						},
						"1.4167": {
							"vector": [0.09091, 0, 0]
						}
					}
				},
				"hind": {
					"position": {
						"0.0": {
							"vector": [0, 0.1, 0]
						},
						"0.5": {
							"vector": [0, -0.2, 0]
						},
						"0.9583": {
							"vector": [0, 0.1, 0]
						},
						"1.4167": {
							"vector": [0, -0.2, 0]
						},
						"2.0": {
							"vector": [0, 0.1, 0]
						}
					}
				},
				"hindleftleg": {
					"rotation": {
						"0.0": {
							"vector": [10, 0, 0]
						},
						"0.5": {
							"vector": [-7.5, 0, 0]
						},
						"0.9583": {
							"vector": [2.5, 0, 0]
						},
						"1.4167": {
							"vector": [5, 0, 0]
						},
						"2.0": {
							"vector": [10, 0, 0]
						}
					}
				},
				"hlupperleg": {
					"rotation": {
						"0.0": {
							"vector": [2.5, 0, 0]
						},
						"0.5": {
							"vector": [7.6087, 0, 0]
						},
						"0.9583": {
							"vector": [7.5, 0, 0]
						},
						"1.4167": {
							"vector": [12.40909, 0, 0]
						},
						"2.0": {
							"vector": [2.5, 0, 0]
						}
					},
					"position": {
						"0.9583": {
							"vector": [0, -0.3, 0]
						},
						"1.4167": {
							"vector": [0, -0.4, 0]
						}
					}
				},
				"hllowerleg": {
					"rotation": {
						"0.0": {
							"vector": [-25, 0, 0]
						},
						"0.5": {
							"vector": [-23.58696, 0, 0]
						},
						"0.9583": {
							"vector": [-17.5, 0, 0]
						},
						"1.4167": {
							"vector": [-14.316, 0, 0]
						},
						"2.0": {
							"vector": [-25, 0, 0]
						}
					},
					"position": {
						"0.9583": {
							"vector": [0, -0.2, -0.1]
						},
						"1.4167": {
							"vector": [0, -0.1, -0.1]
						}
					}
				},
				"hlhoof": {
					"rotation": {
						"0.0": {
							"vector": [67.5, 0, 0]
						},
						"0.5": {
							"vector": [37.5, 0, 0]
						},
						"0.9583": {
							"vector": [7.5, 0, 0]
						},
						"1.4167": {
							"vector": [-4.12337, 0, 0]
						},
						"2.0": {
							"vector": [67.5, 0, 0]
						}
					},
					"position": {
						"0.0": {
							"vector": [0, 0.2, 0.4]
						},
						"0.5": {
							"vector": [0, 0.2, 0.3]
						},
						"0.9583": {
							"vector": [0, 0.1, 0.3]
						},
						"1.4167": {
							"vector": [0, 0.1, 0.3]
						},
						"2.0": {
							"vector": [0, 0.2, 0.4]
						}
					}
				},
				"hindrightleg": {
					"rotation": {
						"0.0": {
							"vector": [7.5, 0, 0]
						},
						"0.5": {
							"vector": [11.91584, 0, 0]
						},
						"0.9583": {
							"vector": [9.37041, 0, 0]
						},
						"1.4167": {
							"vector": [-7.53507, 0, 0]
						},
						"2.0": {
							"vector": [7.5, 0, 0]
						}
					}
				},
				"hrupperleg": {
					"rotation": {
						"0.0": {
							"vector": [-10, 0, 0]
						},
						"0.5": {
							"vector": [1.4, 0, 0]
						},
						"0.9583": {
							"vector": [-1.64692, 0, 0]
						},
						"1.4167": {
							"vector": [-9.65364, 0, 0]
						},
						"2.0": {
							"vector": [-10, 0, 0]
						}
					},
					"position": {
						"0.5": {
							"vector": [0, -0.4, 0]
						},
						"0.9583": {
							"vector": [0, 0.1, 0]
						},
						"1.4167": {
							"vector": [0, 0.1, 0]
						}
					}
				},
				"hrlowerleg": {
					"rotation": {
						"0.0": {
							"vector": [0, 0, 0]
						},
						"0.5": {
							"vector": [2.54388, 0, 0]
						},
						"0.9583": {
							"vector": [-26.65056, 0, 0]
						},
						"1.4167": {
							"vector": [-2.32058, 0, 0]
						},
						"2.0": {
							"vector": [0, 0, 0]
						}
					},
					"position": {
						"0.5": {
							"vector": [0, 0, 0.15]
						},
						"0.9583": {
							"vector": [0, -0.3, -0.05]
						},
						"1.4167": {
							"vector": [0, -0.1, 0.15]
						}
					}
				},
				"hrhoof": {
					"rotation": {
						"0.0": {
							"vector": [2.5, 0, 0]
						},
						"0.5": {
							"vector": [-15.94796, 0, 0]
						},
						"0.9583": {
							"vector": [46.61448, 0, 0]
						},
						"1.4167": {
							"vector": [28.78907, 0, 0]
						},
						"2.0": {
							"vector": [2.5, 0, 0]
						}
					},
					"position": {
						"0.0": {
							"vector": [0, -0.1, 0.3]
						},
						"0.5": {
							"vector": [0, 0, 0.1]
						},
						"0.9583": {
							"vector": [0, 0.05, 0.55]
						},
						"1.4167": {
							"vector": [0, 0.1, 0.4]
						},
						"2.0": {
							"vector": [0, -0.1, 0.3]
						}
					}
				},
				"tail": {
					"rotation": {
						"0.0": {
							"vector": [0, 0, 0]
						},
						"0.5": {
							"vector": [0, 0, -17.5]
						},
						"0.9583": {
							"vector": [0, 0, 0]
						},
						"1.4167": {
							"vector": [0, 0, 19.49035]
						},
						"2.0": {
							"vector": [0, 0, 0]
						}
					}
				}
			}
		},
		"idle.eat": {
			"loop": true,
			"animation_length": 1.4167,
			"bones": {
				"neck": {
					"rotation": {
						"0.0": {
							"vector": [107.5, 0, 0]
						},
						"0.3333": {
							"vector": [110, 0, 0]
						},
						"0.75": {
							"vector": [105, 0, 0]
						},
						"1.0": {
							"vector": [110, 0, 0]
						},
						"1.4167": {
							"vector": [107.5, 0, 0]
						}
					},
					"position": {
						"0.0": {
							"vector": [0, -3.25, -2.75]
						},
						"0.3333": {
							"vector": [0, -3, -2.75]
						},
						"0.75": {
							"vector": [0, -3, -2.75]
						},
						"1.4167": {
							"vector": [0, -3.25, -2.75]
						}
					}
				},
				"lowerneck": {
					"position": {
						"vector": [0, 0, -0.75]
					}
				},
				"head": {
					"rotation": {
						"0.0": {
							"vector": [-22.5, 0, 0]
						},
						"0.3333": {
							"vector": [-35, 0, 0]
						},
						"0.75": {
							"vector": [-30, 0, 0]
						},
						"1.0": {
							"vector": [-22.5, 0, 0]
						}
					},
					"position": {
						"vector": [0, -0.5, 0]
					}
				},
				"earright": {
					"rotation": {
						"vector": [-112.5, 0, -180]
					}
				},
				"earleft": {
					"rotation": {
						"vector": [-115, -2.5, -180]
					}
				},
				"frontrightleg": {
					"rotation": {
						"0.0": {
							"vector": [-14.97178, -0.65182, -4.95744]
						},
						"1.4167": {
							"vector": [-14.97178, -0.65182, -4.95744]
						}
					},
					"position": {
						"0.0": {
							"vector": [0, -1.25, 0]
						},
						"1.4167": {
							"vector": [0, -1.25, 0]
						}
					}
				},
				"flupperleg": {
					"rotation": {
						"vector": [2.5, 0, 0]
					},
					"position": {
						"vector": [0, 0.75, 0]
					}
				},
				"fllowerleg": {
					"rotation": {
						"0.0": {
							"vector": [22.5, 0, 0]
						},
						"1.4167": {
							"vector": [22.5, 0, 0]
						}
					}
				},
				"flhoof": {
					"rotation": {
						"vector": [-17.5, 0, 0]
					}
				},
				"frontleftleg": {
					"rotation": {
						"vector": [-27.29887, 3.45533, 6.66067]
					},
					"position": {
						"vector": [0, -1.75, 0]
					}
				},
				"frupperleg": {
					"rotation": {
						"vector": [-12.5, 0, 0]
					}
				},
				"frlowerleg": {
					"rotation": {
						"vector": [47.5, 0, 0]
					}
				},
				"frhoof": {
					"rotation": {
						"0.0": {
							"vector": [-12.5, 0, 0]
						},
						"1.4167": {
							"vector": [-12.5, 0, 0]
						}
					}
				},
				"middle": {
					"rotation": {
						"0.0": {
							"vector": [10, 0, 0]
						},
						"1.4167": {
							"vector": [10, 0, 0]
						}
					},
					"position": {
						"0.0": {
							"vector": [0, -0.75, 0]
						},
						"0.375": {
							"vector": [0, -0.75, -0.25]
						},
						"1.4167": {
							"vector": [0, -0.75, 0]
						}
					}
				},
				"hind": {
					"rotation": {
						"0.0": {
							"vector": [0, 0, 0]
						},
						"1.4167": {
							"vector": [0, 0, 0]
						}
					}
				},
				"hindleftleg": {
					"rotation": {
						"vector": [-9.99067, -0.43399, -2.46207]
					}
				},
				"hlupperleg": {
					"rotation": {
						"vector": [15, 0, 0]
					}
				},
				"hllowerleg": {
					"rotation": {
						"vector": [5, 0, 0]
					}
				},
				"hlhoof": {
					"rotation": {
						"vector": [-7.5, 0, 0]
					}
				},
				"hindrightleg": {
					"rotation": {
						"vector": [-9.99067, 0.43399, 2.46207]
					}
				},
				"hrupperleg": {
					"rotation": {
						"vector": [-5, 0, 0]
					}
				},
				"hrlowerleg": {
					"rotation": {
						"vector": [12.5, 0, 0]
					}
				},
				"floof": {
					"rotation": {
						"0.0": {
							"vector": [5, 0, -7.5]
						},
						"0.4583": {
							"vector": [4.88206, -1.08089, 4.95392]
						},
						"0.7917": {
							"vector": [2.03359, -2.11089, 17.41643]
						},
						"1.0833": {
							"vector": [2.68629, -1.17232, -5.07359]
						},
						"1.4167": {
							"vector": [5, 0, -7.5]
						}
					}
				}
			}
		},
		"idle.shake": {
			"loop": true,
			"animation_length": 1.9583,
			"bones": {
				"neck": {
					"rotation": {
						"0.0": {
							"vector": [20, 0, 0]
						},
						"0.4167": {
							"vector": [32.5, 0, 0]
						},
						"0.7083": {
							"vector": [45.08508, 0.64686, 14.98637]
						},
						"1.0833": {
							"vector": [45.33459, 1.2497, 29.97638]
						},
						"1.3333": {
							"vector": [47.47153, 0.21616, -5.00481]
						},
						"1.5833": {
							"vector": [47.53785, 0.21472, 12.49532]
						},
						"1.9583": {
							"vector": [47.4528, 0.21286, -10.00484]
						}
					},
					"position": {
						"0.1667": {
							"vector": [0, 0, -0.5]
						},
						"0.7083": {
							"vector": [0, 0, -1.5]
						}
					}
				},
				"head": {
					"rotation": {
						"0.4167": {
							"vector": [-12.5, 0, 0]
						},
						"0.7083": {
							"vector": [-20, 0, 0]
						},
						"0.9167": {
							"vector": [-32.56255, -1.50179, 4.76968]
						},
						"1.0833": {
							"vector": [-32.89033, -3.73171, 11.93845]
						},
						"1.3333": {
							"vector": [-34.37511, 7.98133, -26.40319]
						},
						"1.5833": {
							"vector": [-32.51564, -0.75155, 2.38443]
						},
						"1.9583": {
							"vector": [-33.06161, 4.46375, -14.33501]
						}
					},
					"position": {
						"vector": [0, 0, 0]
					}
				},
				"earright": {
					"rotation": {
						"0.1667": {
							"vector": [7.5, 0, 0]
						},
						"0.4167": {
							"vector": [-40, 0, 0]
						},
						"0.9167": {
							"vector": [-39.56869, 6.40865, 7.69263]
						},
						"1.3333": {
							"vector": [-39.56869, -6.40865, -7.69263]
						},
						"1.5833": {
							"vector": [-39.97314, 1.60667, 1.91561]
						},
						"1.9583": {
							"vector": [-39.56869, -6.40865, -7.69263]
						}
					}
				},
				"earleft": {
					"rotation": {
						"0.1667": {
							"vector": [7.5, 0, 0]
						},
						"0.4167": {
							"vector": [-40, 0, 0]
						},
						"0.9167": {
							"vector": [-39.56869, 6.40865, 7.69263]
						},
						"1.3333": {
							"vector": [-39.89247, -3.21154, -3.83424]
						},
						"1.5833": {
							"vector": [-39.89247, 3.21154, 3.83424]
						},
						"1.9583": {
							"vector": [-39.75778, -4.81281, -5.7589]
						}
					}
				},
				"frontrightleg": {
					"rotation": {
						"1.3333": {
							"vector": [5, 0, 0]
						},
						"1.5833": {
							"vector": [5, 0, 0]
						}
					},
					"position": {
						"vector": [0, 0, -0.5]
					}
				},
				"frontleftleg": {
					"rotation": {
						"0.0": {
							"vector": [-5, 0, 0]
						},
						"0.4167": {
							"vector": [-7.5, 0, 0]
						},
						"1.3333": {
							"vector": [-2.5, 0, 0]
						}
					},
					"position": {
						"0.1667": {
							"vector": [0, 0, -0.25]
						},
						"0.7083": {
							"vector": [0, -1, -0.25]
						}
					}
				},
				"frupperleg": {
					"rotation": {
						"0.0": {
							"vector": [5, 0, 0]
						},
						"0.1667": {
							"vector": [14.41584, 0, 0]
						},
						"0.4167": {
							"vector": [-13.08416, 0, 0]
						},
						"0.7083": {
							"vector": [-13.99325, 0, 0]
						},
						"1.3333": {
							"vector": [-8.08416, 0, 0]
						}
					},
					"position": {
						"0.1667": {
							"vector": [0, 0, -0.5]
						},
						"1.3333": {
							"vector": [0, -0.25, -0.25]
						}
					}
				},
				"frlowerleg": {
					"rotation": {
						"0.0": {
							"vector": [-2.5, 0, 0]
						},
						"0.1667": {
							"vector": [14.91315, 0, 0]
						},
						"0.4167": {
							"vector": [62.41315, 0, 0]
						},
						"0.7083": {
							"vector": [4.91315, 0, 0]
						},
						"1.3333": {
							"vector": [-5.08685, 0, 0]
						}
					},
					"position": {
						"0.4167": {
							"vector": [0, 0.5, 0]
						},
						"1.3333": {
							"vector": [0, 0.25, 0]
						}
					}
				},
				"frhoof": {
					"rotation": {
						"0.1667": {
							"vector": [25, 0, 0]
						},
						"0.4167": {
							"vector": [62.5, 0, 0]
						},
						"0.7083": {
							"vector": [100, 0, 0]
						},
						"1.3333": {
							"vector": [97.5, 0, 0]
						}
					},
					"position": {
						"0.1667": {
							"vector": [0, 0, 0.5]
						},
						"0.7083": {
							"vector": [0, -0.25, 0]
						}
					}
				},
				"middle": {
					"rotation": {
						"0.7083": {
							"vector": [2.5, 0, 5]
						},
						"0.9167": {
							"vector": [0, 0, 5]
						},
						"1.2917": {
							"vector": [0, 0, -6.40625]
						},
						"1.5833": {
							"vector": [0, 0, 5]
						},
						"1.9583": {
							"vector": [0, 0, -5]
						}
					},
					"position": {
						"vector": [0, 0, -0.5]
					}
				},
				"hind": {
					"position": {
						"vector": [0, 0, -0.25]
					}
				},
				"hrupperleg": {
					"rotation": {
						"vector": [-7.5, 0, 0]
					}
				},
				"hrlowerleg": {
					"rotation": {
						"vector": [5, 0, 0]
					}
				},
				"lowerneck": {
					"position": {
						"vector": [0, 0, -0.5]
					}
				},
				"hlupperleg": {
					"rotation": {
						"vector": [5, 0, 0]
					}
				},
				"hllowerleg": {
					"rotation": {
						"vector": [0, 0, 0]
					}
				},
				"tail": {
					"rotation": {
						"vector": [12.5, 0, 0]
					}
				},
				"floof": {
					"rotation": {
						"0.9167": {
							"vector": [12.39638, -1.61888, 7.32417]
						},
						"1.3333": {
							"vector": [12.31594, 2.15393, -9.76758]
						},
						"1.5833": {
							"vector": [12.39638, -1.61888, 7.32417]
						}
					}
				}
			}
		},
		"graze.lean_out": {
			"loop": true,
			"animation_length": 1.125,
			"bones": {
				"neck": {
					"rotation": {
						"0.0": {
							"vector": [14, 0, 0]
						},
						"0.25": {
							"vector": [21.5, 0, 0]
						},
						"0.5833": {
							"vector": [78.5, 0, 0]
						},
						"0.9167": {
							"vector": [107.5, 0, 0]
						}
					},
					"position": {
						"0.25": {
							"vector": [0, -0.35, -0.85]
						},
						"0.5833": {
							"vector": [0, -2.25, -2.35]
						},
						"0.9167": {
							"vector": [0, -3.25, -2.75]
						}
					}
				},
				"lowerneck": {
					"position": {
						"vector": [0, 0, -0.75]
					}
				},
				"head": {
					"rotation": {
						"0.25": {
							"vector": [10.5, 0, 0]
						},
						"0.5833": {
							"vector": [-29.5, 0, 0]
						},
						"0.9167": {
							"vector": [-22.5, 0, 0]
						}
					},
					"position": {
						"0.25": {
							"vector": [0, 0, -0.3]
						},
						"0.5833": {
							"vector": [0, -0.1, 0]
						},
						"0.9167": {
							"vector": [0, -0.5, 0]
						}
					}
				},
				"earright": {
					"rotation": {
						"0.25": {
							"vector": [-162.5, 0, -180]
						},
						"0.9167": {
							"vector": [-112.5, 0, -180]
						}
					}
				},
				"earleft": {
					"rotation": {
						"0.25": {
							"vector": [-160, -2.5, -180]
						},
						"0.9167": {
							"vector": [-115, -2.5, -180]
						}
					}
				},
				"frontrightleg": {
					"rotation": {
						"0.25": {
							"vector": [-1.97178, -0.65182, -4.95744]
						},
						"0.5833": {
							"vector": [-4.47178, -0.65182, -4.95744]
						},
						"0.9167": {
							"vector": [-14.97178, -0.65182, -4.95744]
						}
					},
					"position": {
						"0.25": {
							"vector": [0, -0.85, 0]
						},
						"0.9167": {
							"vector": [0, -1.25, 0]
						}
					}
				},
				"flupperleg": {
					"rotation": {
						"0.25": {
							"vector": [2.99715, -0.1308, 2.49658]
						},
						"0.5833": {
							"vector": [0.5, 0, 0]
						},
						"0.9167": {
							"vector": [2.5, 0, 0]
						}
					},
					"position": {
						"vector": [0, 0.75, 0]
					}
				},
				"fllowerleg": {
					"rotation": {
						"0.25": {
							"vector": [-1, 0, 0]
						},
						"0.5833": {
							"vector": [4, 0, 0]
						},
						"0.9167": {
							"vector": [22.5, 0, 0]
						}
					}
				},
				"flhoof": {
					"rotation": {
						"0.25": {
							"vector": [0, 0, 0]
						},
						"0.5833": {
							"vector": [3, 0, 0]
						},
						"0.9167": {
							"vector": [-17.5, 0, 0]
						}
					},
					"position": {
						"vector": [0, 0.2, 0.3]
					}
				},
				"frontleftleg": {
					"rotation": {
						"0.0": {
							"vector": [-3.55768, 2.67992, 1.72098]
						},
						"0.25": {
							"vector": [-5.9356, 2.94114, 4.21029]
						},
						"0.5833": {
							"vector": [-21.79887, 3.45533, 6.66067]
						},
						"0.9167": {
							"vector": [-27.29887, 3.45533, 6.66067]
						}
					},
					"position": {
						"0.0": {
							"vector": [0, -0.3, 0.2]
						},
						"0.25": {
							"vector": [0, -0.8, 0.2]
						},
						"0.5833": {
							"vector": [0, -1.3, 0.2]
						},
						"0.9167": {
							"vector": [0, -1.75, 0]
						}
					}
				},
				"frupperleg": {
					"rotation": {
						"0.25": {
							"vector": [2, 0, 0]
						},
						"0.5833": {
							"vector": [-5, 0, 0]
						},
						"0.9167": {
							"vector": [-12.5, 0, 0]
						}
					},
					"position": {
						"0.0": {
							"vector": [0, -0.1, 0]
						},
						"0.5833": {
							"vector": [0, 0.4, 0]
						}
					}
				},
				"frlowerleg": {
					"rotation": {
						"0.25": {
							"vector": [4.5, 0, 0]
						},
						"0.5833": {
							"vector": [41.5, 0, 0]
						},
						"0.9167": {
							"vector": [47.5, 0, 0]
						}
					},
					"position": {
						"0.0": {
							"vector": [0, 0.3, 0]
						},
						"0.25": {
							"vector": [0, 0.4, 0]
						}
					}
				},
				"frhoof": {
					"rotation": {
						"0.0": {
							"vector": [-2, 0, 0]
						},
						"0.25": {
							"vector": [-2, 0, 0]
						},
						"0.5833": {
							"vector": [-8.5, 0, 0]
						},
						"0.9167": {
							"vector": [-12.5, 0, 0]
						}
					},
					"position": {
						"vector": [0, 0, 0.3]
					}
				},
				"middle": {
					"rotation": {
						"0.25": {
							"vector": [1, 0, 0]
						},
						"0.5833": {
							"vector": [6, 0, 0]
						},
						"0.9167": {
							"vector": [10, 0, 0]
						}
					},
					"position": {
						"0.25": {
							"vector": [0, -0.15, 0]
						},
						"0.5833": {
							"vector": [0, -0.65, 0]
						},
						"0.9167": {
							"vector": [0, -0.75, 0]
						}
					}
				},
				"hind": {
					"rotation": {
						"vector": [0, 0, 0]
					}
				},
				"hindleftleg": {
					"rotation": {
						"0.0": {
							"vector": [-10, 0, 0]
						},
						"0.9167": {
							"vector": [-9.99067, -0.43399, -2.46207]
						}
					}
				},
				"hlupperleg": {
					"rotation": {
						"vector": [15, 0, 0]
					}
				},
				"hllowerleg": {
					"rotation": {
						"vector": [5, 0, 0]
					}
				},
				"hlhoof": {
					"rotation": {
						"vector": [-7.5, 0, 0]
					}
				},
				"hindrightleg": {
					"rotation": {
						"0.0": {
							"vector": [-10, 0, 0]
						},
						"0.9167": {
							"vector": [-9.99067, 0.43399, 2.46207]
						}
					}
				},
				"hrupperleg": {
					"rotation": {
						"vector": [-5, 0, 0]
					}
				},
				"hrlowerleg": {
					"rotation": {
						"vector": [12.5, 0, 0]
					}
				},
				"floof": {
					"rotation": {
						"vector": [5, 0, -7.5]
					}
				}
			}
		},
		"graze.lean_in": {
			"loop": true,
			"animation_length": 1.08333,
			"bones": {
				"neck": {
					"rotation": {
						"0.0": {
							"vector": [14, 0, 0]
						},
						"0.25": {
							"vector": [21.5, 0, 0]
						},
						"0.5833": {
							"vector": [78.5, 0, 0]
						},
						"0.9167": {
							"vector": [107.5, 0, 0]
						}
					},
					"position": {
						"0.25": {
							"vector": [0, -0.35, -0.85]
						},
						"0.5833": {
							"vector": [0, -2.25, -2.35]
						},
						"0.9167": {
							"vector": [0, -3.25, -2.75]
						}
					}
				},
				"lowerneck": {
					"position": {
						"vector": [0, 0, -0.75]
					}
				},
				"head": {
					"rotation": {
						"0.25": {
							"vector": [10.5, 0, 0]
						},
						"0.5833": {
							"vector": [-29.5, 0, 0]
						},
						"0.9167": {
							"vector": [-22.5, 0, 0]
						}
					},
					"position": {
						"0.25": {
							"vector": [0, 0, -0.3]
						},
						"0.5833": {
							"vector": [0, -0.1, 0]
						},
						"0.9167": {
							"vector": [0, -0.5, 0]
						}
					}
				},
				"earright": {
					"rotation": {
						"0.25": {
							"vector": [-162.5, 0, -180]
						},
						"0.9167": {
							"vector": [-112.5, 0, -180]
						}
					}
				},
				"earleft": {
					"rotation": {
						"0.25": {
							"vector": [-160, -2.5, -180]
						},
						"0.9167": {
							"vector": [-115, -2.5, -180]
						}
					}
				},
				"frontrightleg": {
					"rotation": {
						"0.25": {
							"vector": [-1.97178, -0.65182, -4.95744]
						},
						"0.5833": {
							"vector": [-4.47178, -0.65182, -4.95744]
						},
						"0.9167": {
							"vector": [-14.97178, -0.65182, -4.95744]
						}
					},
					"position": {
						"0.25": {
							"vector": [0, -0.85, 0]
						},
						"0.9167": {
							"vector": [0, -1.25, 0]
						}
					}
				},
				"flupperleg": {
					"rotation": {
						"0.25": {
							"vector": [2.99715, -0.1308, 2.49658]
						},
						"0.5833": {
							"vector": [0.5, 0, 0]
						},
						"0.9167": {
							"vector": [2.5, 0, 0]
						}
					},
					"position": {
						"vector": [0, 0.75, 0]
					}
				},
				"fllowerleg": {
					"rotation": {
						"0.25": {
							"vector": [-1, 0, 0]
						},
						"0.5833": {
							"vector": [4, 0, 0]
						},
						"0.9167": {
							"vector": [22.5, 0, 0]
						}
					}
				},
				"flhoof": {
					"rotation": {
						"0.25": {
							"vector": [0, 0, 0]
						},
						"0.5833": {
							"vector": [3, 0, 0]
						},
						"0.9167": {
							"vector": [-17.5, 0, 0]
						}
					},
					"position": {
						"vector": [0, 0.2, 0.3]
					}
				},
				"frontleftleg": {
					"rotation": {
						"0.0": {
							"vector": [-3.55768, 2.67992, 1.72098]
						},
						"0.25": {
							"vector": [-5.9356, 2.94114, 4.21029]
						},
						"0.5833": {
							"vector": [-21.79887, 3.45533, 6.66067]
						},
						"0.9167": {
							"vector": [-27.29887, 3.45533, 6.66067]
						}
					},
					"position": {
						"0.0": {
							"vector": [0, -0.3, 0.2]
						},
						"0.25": {
							"vector": [0, -0.8, 0.2]
						},
						"0.5833": {
							"vector": [0, -1.3, 0.2]
						},
						"0.9167": {
							"vector": [0, -1.75, 0]
						}
					}
				},
				"frupperleg": {
					"rotation": {
						"0.25": {
							"vector": [2, 0, 0]
						},
						"0.5833": {
							"vector": [-5, 0, 0]
						},
						"0.9167": {
							"vector": [-12.5, 0, 0]
						}
					},
					"position": {
						"0.0": {
							"vector": [0, -0.1, 0]
						},
						"0.5833": {
							"vector": [0, 0.4, 0]
						}
					}
				},
				"frlowerleg": {
					"rotation": {
						"0.25": {
							"vector": [4.5, 0, 0]
						},
						"0.5833": {
							"vector": [41.5, 0, 0]
						},
						"0.9167": {
							"vector": [47.5, 0, 0]
						}
					},
					"position": {
						"0.0": {
							"vector": [0, 0.3, 0]
						},
						"0.25": {
							"vector": [0, 0.4, 0]
						}
					}
				},
				"frhoof": {
					"rotation": {
						"0.0": {
							"vector": [-2, 0, 0]
						},
						"0.25": {
							"vector": [-2, 0, 0]
						},
						"0.5833": {
							"vector": [-8.5, 0, 0]
						},
						"0.9167": {
							"vector": [-12.5, 0, 0]
						}
					},
					"position": {
						"vector": [0, 0, 0.3]
					}
				},
				"middle": {
					"rotation": {
						"0.25": {
							"vector": [1, 0, 0]
						},
						"0.5833": {
							"vector": [6, 0, 0]
						},
						"0.9167": {
							"vector": [10, 0, 0]
						}
					},
					"position": {
						"0.25": {
							"vector": [0, -0.15, 0]
						},
						"0.5833": {
							"vector": [0, -0.65, 0]
						},
						"0.9167": {
							"vector": [0, -0.75, 0]
						}
					}
				},
				"hind": {
					"rotation": {
						"vector": [0, 0, 0]
					}
				},
				"hindleftleg": {
					"rotation": {
						"0.0": {
							"vector": [-10, 0, 0]
						},
						"0.9167": {
							"vector": [-9.99067, -0.43399, -2.46207]
						}
					}
				},
				"hlupperleg": {
					"rotation": {
						"vector": [15, 0, 0]
					}
				},
				"hllowerleg": {
					"rotation": {
						"vector": [5, 0, 0]
					}
				},
				"hlhoof": {
					"rotation": {
						"vector": [-7.5, 0, 0]
					}
				},
				"hindrightleg": {
					"rotation": {
						"0.0": {
							"vector": [-10, 0, 0]
						},
						"0.9167": {
							"vector": [-9.99067, 0.43399, 2.46207]
						}
					}
				},
				"hrupperleg": {
					"rotation": {
						"vector": [-5, 0, 0]
					}
				},
				"hrlowerleg": {
					"rotation": {
						"vector": [12.5, 0, 0]
					}
				},
				"floof": {
					"rotation": {
						"vector": [5, 0, -7.5]
					}
				}
			}
		},
		"idle.stand": {
			"animation_length": 4,
			"bones": {
				"neck": {
					"rotation": {
						"0.0": {
							"vector": [22, 0, 0]
						},
						"4.0": {
							"vector": [22, 0, 0]
						}
					},
					"position": {
						"0.0": {
							"vector": [0, 0, -0.2]
						},
						"2.5": {
							"vector": [0, 0, 0]
						},
						"4.0": {
							"vector": [0, 0, -0.2]
						}
					}
				},
				"head": {
					"rotation": {
						"0.0": {
							"vector": [5, 0, 0]
						},
						"2.5": {
							"vector": [8, 0, 0]
						},
						"4.0": {
							"vector": [5, 0, 0]
						}
					}
				},
				"frontrightleg": {
					"rotation": {
						"0.0": {
							"vector": [0, 0, 0]
						},
						"2.5": {
							"vector": [-2, 0, 0]
						},
						"4.0": {
							"vector": [0, 0, 0]
						}
					},
					"position": {
						"0.0": {
							"vector": [0, 0, 0.2]
						},
						"2.5": {
							"vector": [0, 0, 0.3]
						},
						"4.0": {
							"vector": [0, 0, 0.2]
						}
					}
				},
				"flupperleg": {
					"rotation": {
						"0.0": {
							"vector": [0, 0, 0]
						},
						"2.5": {
							"vector": [2, 0, 0]
						},
						"4.0": {
							"vector": [0, 0, 0]
						}
					},
					"position": {
						"vector": [0, 0, 0.1]
					}
				},
				"fllowerleg": {
					"position": {
						"0.0": {
							"vector": [0, 0, 0.1]
						},
						"2.5": {
							"vector": [0, 0, -0.1]
						},
						"4.0": {
							"vector": [0, 0, 0.1]
						}
					}
				},
				"frontleftleg": {
					"rotation": {
						"0.0": {
							"vector": [0, 0, 0]
						},
						"2.5": {
							"vector": [-2, 0, 0]
						},
						"4.0": {
							"vector": [0, 0, 0]
						}
					},
					"position": {
						"0.0": {
							"vector": [0, 0, -0.2]
						},
						"2.5": {
							"vector": [0, 0, 0]
						},
						"4.0": {
							"vector": [0, 0, -0.2]
						}
					}
				},
				"frupperleg": {
					"rotation": {
						"0.0": {
							"vector": [-1.5, 0, 0]
						},
						"2.5": {
							"vector": [1, 0, 0]
						},
						"4.0": {
							"vector": [-1.5, 0, 0]
						}
					},
					"position": {
						"0.0": {
							"vector": [0, 0, 0]
						},
						"2.5": {
							"vector": [0, 0, -0.1]
						},
						"4.0": {
							"vector": [0, 0, 0]
						}
					}
				},
				"frlowerleg": {
					"rotation": {
						"vector": [1, 0, 0]
					},
					"position": {
						"0.0": {
							"vector": [0, 0, 0]
						},
						"2.5": {
							"vector": [0, 0, 0.1]
						},
						"4.0": {
							"vector": [0, 0, 0]
						}
					}
				},
				"middle": {
					"position": {
						"0.0": {
							"vector": [0, 0, 0]
						},
						"2.5": {
							"vector": [0, 0, 0.4]
						},
						"4.0": {
							"vector": [0, 0, 0]
						}
					}
				},
				"hind": {
					"rotation": {
						"0.0": {
							"vector": [-1, 0, 0]
						},
						"2.5": {
							"vector": [-2, 0, 0]
						},
						"4.0": {
							"vector": [-1, 0, 0]
						}
					},
					"position": {
						"vector": [0, 0, 0.2]
					}
				},
				"hindleftleg": {
					"rotation": {
						"0.0": {
							"vector": [-1, 0, 0]
						},
						"2.5": {
							"vector": [0, 0, 0]
						},
						"4.0": {
							"vector": [-1, 0, 0]
						}
					},
					"position": {
						"vector": [0, 0.1, 0.1]
					}
				},
				"hlupperleg": {
					"rotation": {
						"0.0": {
							"vector": [-1, 0, 0]
						},
						"4.0": {
							"vector": [-1, 0, 0]
						}
					},
					"position": {
						"vector": [0, 0, 0.2]
					}
				},
				"hllowerleg": {
					"rotation": {
						"0.0": {
							"vector": [-2, 0, 0]
						},
						"4.0": {
							"vector": [-2, 0, 0]
						}
					},
					"position": {
						"vector": [0, 0, -0.1]
					}
				},
				"hlhoof": {
					"rotation": {
						"0.0": {
							"vector": [6, 0, 0]
						},
						"4.0": {
							"vector": [6, 0, 0]
						}
					}
				},
				"hindrightleg": {
					"rotation": {
						"vector": [1.5, 0, 0]
					},
					"position": {
						"vector": [0, 0.1, 0]
					}
				},
				"hrupperleg": {
					"rotation": {
						"0.0": {
							"vector": [4, 0, 0]
						},
						"4.0": {
							"vector": [4, 0, 0]
						}
					},
					"position": {
						"vector": [0, 0, 0]
					}
				},
				"hrlowerleg": {
					"rotation": {
						"0.0": {
							"vector": [-4, 0, 0]
						},
						"4.0": {
							"vector": [-4, 0, 0]
						}
					},
					"position": {
						"vector": [0, 0, -0.1]
					}
				}
			}
		}
	},
	"geckolib_format_version": 2
}