{
	"format_version": "1.12.0",
	"minecraft:geometry": [
		{
			"description": {
				"identifier": "geometry.unknown",
				"texture_width": 32,
				"texture_height": 32,
				"visible_bounds_width": 3,
				"visible_bounds_height": 2.5,
				"visible_bounds_offset": [0, 0.75, 0]
			},
			"bones": [
				{
					"name": "HalterLeadRack",
					"pivot": [0, 0, 0],
					"cubes": [
						{"origin": [-6, 11, 7], "size": [6, 4, 1], "uv": [1, 1]},
						{"origin": [-5, 12, 4], "size": [4, 1, 3], "uv": [1, 7]},
						{"origin": [-5, 12, 3], "size": [4, 2, 1], "uv": [1, 12]},
						{"origin": [3.5, 13, 3], "size": [1, 1, 5], "uv": [1, 16]}
					]
				},
				{
					"name": "LeadRack",
					"parent": "HalterLeadRack",
					"pivot": [4, 0, -19],
					"cubes": [
						{"origin": [3, 1.5, 5], "size": [1, 2, 1], "uv": [26, 13]}
					]
				},
				{
					"name": "Lead",
					"parent": "LeadRack",
					"pivot": [-4, 8, -5.5],
					"cubes": [
						{"origin": [3, 11.5, 4.5], "size": [2, 3, 1], "uv": [19, 13]},
						{"origin": [2.5, 3.5, 3.5], "size": [3, 8, 3], "uv": [19, 1]}
					]
				}
			]
		}
	]
}