{
	"format_version": "1.12.0",
	"minecraft:geometry": [
		{
			"description": {
				"identifier": "geometry.Pasture Blanket Rack 5 Long Master - Converted",
				"texture_width": 128,
				"texture_height": 128,
				"visible_bounds_width": 3,
				"visible_bounds_height": 3,
				"visible_bounds_offset": [0, 0.5, 0]
			},
			"bones": [
				{
					"name": "RackPastureBlanket5LongWall",
					"pivot": [0, 8, 0],
					"cubes": [
						{"origin": [-5.5, 9, -8], "size": [1, 6, 15], "inflate": 0.01, "uv": [1, 1]},
						{"origin": [-3, 9, -8], "size": [1, 6, 15], "inflate": 0.01, "uv": [1, 1]},
						{"origin": [-0.5, 9, -8], "size": [1, 6, 15], "inflate": 0.01, "uv": [1, 1]},
						{"origin": [2, 9, -8], "size": [1, 6, 15], "inflate": 0.01, "uv": [1, 1]},
						{"origin": [4.5, 9, -8], "size": [1, 6, 15], "inflate": 0.01, "uv": [1, 1]},
						{"origin": [-6.5, 0, 7], "size": [13, 16, 1], "inflate": 0.01, "uv": [1, 23]}
					]
				},
				{
					"name": "PB1",
					"parent": "RackPastureBlanket5LongWall",
					"pivot": [0, 8, 0],
					"cubes": [
						{"origin": [-6, -14.5, -8.35], "size": [2, 30, 15], "uv": [34, 1]}
					]
				},
				{
					"name": "PB2",
					"parent": "RackPastureBlanket5LongWall",
					"pivot": [0, 8, 0],
					"cubes": [
						{"origin": [-3.5, -14.5, -8.25], "size": [2, 30, 15], "uv": [69, 1]}
					]
				},
				{
					"name": "PB3",
					"parent": "RackPastureBlanket5LongWall",
					"pivot": [0, 8, 0],
					"cubes": [
						{"origin": [-1, -14.5, -8.45], "size": [2, 30, 15], "uv": [34, 47]}
					]
				},
				{
					"name": "PB4",
					"parent": "RackPastureBlanket5LongWall",
					"pivot": [0, 8, 0],
					"cubes": [
						{"origin": [1.5, -14.5, -8.35], "size": [2, 30, 15], "uv": [69, 47]}
					]
				},
				{
					"name": "PB5",
					"parent": "RackPastureBlanket5LongWall",
					"pivot": [0, 8, 0],
					"cubes": [
						{"origin": [4, -14.5, -8.5], "size": [2, 30, 15], "uv": [89, 78]}
					]
				}
			]
		}
	]
}