{
	"format_version": "1.12.0",
	"minecraft:geometry": [
		{
			"description": {
				"identifier": "geometry.tackbox",
				"texture_width": 64,
				"texture_height": 64,
				"visible_bounds_width": 2,
				"visible_bounds_height": 2.5,
				"visible_bounds_offset": [0, 0.75, 0]
			},
			"bones": [
				{
					"name": "group",
					"pivot": [0, 8, 0]
				},
				{
					"name": "lid",
					"parent": "group",
					"pivot": [0, 8, 0],
					"cubes": [
						{
							"origin": [-7, 8, -7],
							"size": [15, 3, 14],
							"uv": {
								"north": {"uv": [30, 8], "uv_size": [15, 3]},
								"east": {"uv": [30, 14], "uv_size": [14, 3]},
								"south": {"uv": [30, 11], "uv_size": [15, 3]},
								"west": {"uv": [30, 17], "uv_size": [14, 3]},
								"up": {"uv": [0, 0], "uv_size": [15, 14]},
								"down": {"uv": [0, 28], "uv_size": [15, -14]}
							}
						}
					]
				},
				{
					"name": "box",
					"parent": "group",
					"pivot": [0, 8, 0],
					"cubes": [
						{
							"origin": [-7, 0, -7],
							"size": [15, 8, 14],
							"uv": {
								"north": {"uv": [0, 28], "uv_size": [15, 8]},
								"east": {"uv": [30, 30], "uv_size": [14, 8]},
								"south": {"uv": [15, 29], "uv_size": [15, 8]},
								"west": {"uv": [30, 0], "uv_size": [14, 8]},
								"up": {"uv": [15, 15], "uv_size": [15, 14]},
								"down": {"uv": [15, 14], "uv_size": [15, -14]}
							}
						}
					]
				}
			]
		}
	]
}